name,cover,birthday,city
魏小也,http://www.meinv.hk/wp-content/themes/Grace/timthumb.php?src=http://www.meinv.hk/wp-content/uploads/2020/08/2020081017181067.jpg&h=300&w=750&zc=1,1992年12月21日,中国大陆
宋妍霏,http://www.meinv.hk/wp-content/themes/Grace/timthumb.php?src=http://www.meinv.hk/wp-content/uploads/2020/08/2020081017115011.jpg&h=300&w=750&zc=1,1995年10月22日,澳大利亚
张月,http://www.meinv.hk/wp-content/themes/Grace/timthumb.php?src=http://www.meinv.hk/wp-content/uploads/2020/08/2020081017095187.jpg&h=300&w=750&zc=1,1994年09月14日,北京
甘露,http://www.meinv.hk/wp-content/themes/Grace/timthumb.php?src=http://www.meinv.hk/wp-content/uploads/2020/08/2020080316574617.jpg&h=300&w=750&zc=1,09月16日,江西南昌
李兰迪,http://www.meinv.hk/wp-content/themes/Grace/timthumb.php?src=http://www.meinv.hk/wp-content/uploads/2020/08/2020080316514688.jpg&h=300&w=750&zc=1,1999年09月02日,北京
金宝拉 BORA KIM,http://www.meinv.hk/wp-content/themes/Grace/timthumb.php?src=http://www.meinv.hk/wp-content/uploads/2020/08/2020080316452546.jpg&h=300&w=750&zc=1,1995年09月28日,韩国
何雯娜,http://www.meinv.hk/wp-content/themes/Grace/timthumb.php?src=http://www.meinv.hk/wp-content/uploads/2020/08/2020080316390597.jpg&h=300&w=750&zc=1,1989年01月19日,广东大埔
金美辛,http://www.meinv.hk/wp-content/themes/Grace/timthumb.php?src=http://www.meinv.hk/wp-content/uploads/2020/08/2020080316355544.jpg&h=300&w=750&zc=1,1989年08月21日,山东烟台
林鹏,http://www.meinv.hk/wp-content/themes/Grace/timthumb.php?src=http://www.meinv.hk/wp-content/uploads/2020/07/2020072920400082.jpg&h=300&w=750&zc=1,1986年10月25日,辽宁大连
李颖芝,http://www.meinv.hk/wp-content/themes/Grace/timthumb.php?src=http://www.meinv.hk/wp-content/uploads/2020/07/2020072620344017.jpg&h=300&w=750&zc=1,1986年04月25日,山东青岛
周韦彤,http://www.meinv.hk/wp-content/themes/Grace/timthumb.php?src=http://www.meinv.hk/wp-content/uploads/2020/07/2020072620130383.jpg&h=300&w=750&zc=1,1982年08月26日,贵州黔东
翟凌(兽兽),http://www.meinv.hk/wp-content/themes/Grace/timthumb.php?src=http://www.meinv.hk/wp-content/uploads/2020/07/2020072620000329.jpg&h=300&w=750&zc=1,1987年08月18日,山东济南
许晴,http://www.meinv.hk/wp-content/themes/Grace/timthumb.php?src=http://www.meinv.hk/wp-content/uploads/2020/07/2020071920495311.jpg&h=300&w=750&zc=1,1969年01月22日,北京
方安娜,http://www.meinv.hk/wp-content/themes/Grace/timthumb.php?src=http://www.meinv.hk/wp-content/uploads/2020/07/2020071616551183.jpg&h=300&w=750&zc=1,1988年05月19日,江西九江
秦岚,http://www.meinv.hk/wp-content/themes/Grace/timthumb.php?src=http://www.meinv.hk/wp-content/uploads/2020/07/2020071615270598.jpg&h=300&w=750&zc=1,1979年07月17日,辽宁沈阳
姚芊羽,http://www.meinv.hk/wp-content/themes/Grace/timthumb.php?src=http://www.meinv.hk/wp-content/uploads/2020/06/2020061921171436.jpg&h=300&w=750&zc=1,1979年12月03日,湖南岳阳
颜丹晨,http://www.meinv.hk/wp-content/themes/Grace/timthumb.php?src=http://www.meinv.hk/wp-content/uploads/2020/06/2020061712143081.jpg&h=300&w=750&zc=1,1978年03月09日,湖南湘潭
梁洁,http://www.meinv.hk/wp-content/themes/Grace/timthumb.php?src=http://www.meinv.hk/wp-content/uploads/2020/06/2020061616582432.jpg&h=300&w=750&zc=1,1994年06月16日,中国河北
郭晓婷,http://www.meinv.hk/wp-content/themes/Grace/timthumb.php?src=http://www.meinv.hk/wp-content/uploads/2020/06/2020061608322872.jpg&h=300&w=750&zc=1,1993年01月02日,上海长宁
佐佐木希,http://www.meinv.hk/wp-content/themes/Grace/timthumb.php?src=http://www.meinv.hk/wp-content/uploads/2020/06/2020061410264051.jpg&h=300&w=750&zc=1,1988年02月08日,日本秋田
