author	comment	vote
阿琴波爾迪	这设定层出不穷，已经开始倒胃口。有了前车（巨人，自新世界，或者梦幻岛）之鉴。这种节奏慢，戏又多的作品我可吹不出来，可能原作不错，但动画真不吸引人，妹妹再美也不行	377
小熙资深任豚	我的妈呀！各方面简直完美的制作啊啊啊啊啊啊啊啊！今年最强番(和梦幻岛一起)！	1113
蝴蝶梦	不好意思，甚至用不着赶超，现在的鬼灭还真就是jump第二台柱，岛排第三。至于你英顺位在5到6徘徊，和四叶草差不离，而且剧情仍处颓势，丝毫没有上升的意思。当然，改编动画就不好说了……你英能遇上骨头真是幸运啊。希望飞碟社这次能抓住机会吧。	721
JUMP一番	这番出的很是时候啊。玩了只狼的我表示很多设定能套用到这部动画。同样是日式和风奇幻题材，同是有不死之力的背景，类似不死斩的日轮刀，神似苇名一心的天狗面具老师傅，还有犹豫就会败北。梶浦由记的音乐大赞，和Lisa的合作也出人意料的搭调。四星观望中。	204
不补布吉岛	真实的慢热动画，但真的是在一步步步步的上升，直到19集达到高潮，太值得了，就像结尾，这部动画终于绽放出最绚烂的花火。谢谢飞碟社，也谢谢原作老师，也谢谢卖力出演的声优们。你们真的太优秀了	996
Rocinante	第一集不用看画面我都能猜到剧情，兄弟姐妹一出场我就知道要死了为男主角人生风云突变做垫脚石. 这种套路这些年已经看吐了.	308
一心而用	动画其实在那田蜘蛛山篇之前的节奏都很很成问题，尤其在武戏多于文戏的情况下还坚持2话漫画=1话动画的改编节奏只能呈现出肉眼可见的拖戏，以柱合会议和蝶屋复健篇收尾的效果也不够尽如人意，当然原作也有各种问题不然也不会长期在腰斩边缘徘徊了。吾峠呼世晴老师差不多直到无限列车篇才真正掌握好节奏，真正精彩的篇章也是从那时才开始，所以无限列车篇先拿来做剧场版了。衷心感谢阿部望的作画，没有你就没有飞碟社的今天！	54
Lost丶Key	虽然还没播完，但可以提前吹爆了，19集直接推向了一个新高潮，和英雄学院后期疲软正相反，鬼灭属于渐入佳境的类型，四个主角我都很喜欢，对于反派的刻画，都在其即将消失之际才给出角色回忆，不会因为反派的过去有多悲惨而逃过一死，这样的处理方式十分讨巧，比在战斗中用嘴炮空喊口号感化击败反派的套路高级多了，我爱鬼灭，这是近几年最想推荐的王道战斗番，没有之一	744
💮	第一集观感非常好 鬼灭真的是好作品 熬过漫画前50集啥都好说👌	525
GTL	整体来说无疑是有杠杠的5星水平，无奈某些集数节奏太慢、恶意卖萌过多、善逸被过度渲染的软弱，以及伊之助出场那集的魔改，很是影响观感，以致于一度降低对鬼灭之刃的期待，甚至差点弃坑。第17集的优良制作无疑为这部动画挽回了不少颜面，也让很多人对善逸改观，论单集制作（尤其是作画）也是绝对的一流水平。而第19集更是单集封神，本以为这季的最高潮应该17集了，没曾想19集竟能融 神级作画、点睛之笔的配乐、张弛有度的节奏、极度出色的3D效果、绚丽的色彩演出于一体，真可谓是一战封神。
未看19集前：评分当然要看整体水平啊，单集做得再好有什么用。
现在：我……我我……直接吹爆好吗！（真香）	487
阿朴	其实真的特别老套，但男主这种圣父难得的不讨人嫌，还有点大慈悲的意思。配角们很出彩，反派也比较给力，作画又稳定，算目前水平较好的作品。题外话，看弹幕动不动就 “神作！”真的好奇现在的观众是有多没见过世面，不过也有可能只是语言贫乏除了极限词不会其他形容的关系。还有动不动就“经费在燃烧！”大概是全球经济不景搞出的心理阴影？	64
竹飞羽	少年王道作品，集英社讲谈社一大把这种设定。第一集开始就觉得隐隐有似曾相识的感觉，后来发现这不就是钢炼么，哥哥负责打架，做任务打boss为了给让妹妹从鬼变成人，对应爱德华为给阿尔找回身体，妹妹也跟阿尔一样负责卖萌和辅助打斗。不过画风很喜欢，就还挺燃的，看着玩呗。男二烧了一下经费就水了好几集。制作水平不稳定。打蜘蛛这几集气氛真不错，19集制作组重新封神。	47
迟与缓	一口气补完，好久不曾遇见看得这么舒服的番。没有刻意卖某些元素哗众取宠，没有只把聚光灯对准主人公。萌、燃、逗、虐各就各位，作画和BGM趋近完美。可能有人觉得节奏过慢，对我来说却正契合娓娓道来的熨帖。
主角团全员可爱，尤其是小太阳一般的碳碳，尊重生命却不因悲悯而手软，该杀就杀，不拖后腿不卖队友才是真的温柔。善逸虽然怯弱，却不会丢下他人独自逃走。猪猪不谙世故，在和众人的接触中不断成长。更别提制作爆炸的19集，祢豆子为救碳碳而觉醒，真摯纯粹的兄妹情谊，不掺一分骨科的瑕疵。21集师兄久违的再登场「我…」「『没有被讨厌』，请说点除此以外的话」和忍的交流障碍更生出不一样的呆萌。
反派不是符号，每一只鬼都背负着自己的情与孽。走马灯不是洗白，他们也曾生而为人，在这难居之世走过一程。	323
Lioooooooooo	19集直接封神，2019年最好的动漫没有之一！	136
河狸	jump力捧的作品，已经大有赶超小英雄和五叶草，成为海贼王之下的第二台柱的趋势。剧情方面前期略显俗套，挺过几集之后就会柳暗花明。	59
高达君-	厚积薄发的作品，19集炭治郎兄妹VS累全季最佳。在刷完动画第一时间补了漫画，就剧情和人物塑造而言还是可以看出作者对长篇漫画的把控有很多不足之处。但动画制作绝对让这个作品上升到了另一个层级，华丽的打斗，精致的分镜以及恰到好处的配乐简直让这作品焕发出了全新的生命。	41
#小波福娃#	制作赏心悦目，但剧情实在俗套	29
凹凸	虽然大家都在夸第19话有多燃 可我觉得 反倒是那些鬼怪湮灭时的闪回 写满了人生的虚无和寂寥 生生将一个套路满满还有点聒噪的少年漫拔高了立意	21
次等水货	故事和分镜，太厉害了！	31
汀	啊 赶上了这趟列车 开心。	22
私~川流	有一点燃~	14
猫小疯	看了三集，被男主烦了三集。一开始我还以为是动画没把握好节奏，现在才发现只是单纯的因为男主话多……制作组不能再精简一下台词吗	235
去乱岑角的路	台词啰嗦到像在看动态漫画，设定要全靠说吗？？	361
kidivy	4.5 大制作……其实故事在少年漫里不算是多高级的核，但作画分镜演出节奏等等都非常屌，19集可以一战年度最佳	12
乔京	撑到10集没什么看下去的欲望了	120
目隐子行	想不通，一部平平之作，为何会被你们吹爆……
前五集很认真在看，慢慢的就感觉看不下去了……撑到第十集……抱歉打扰了，对于我来说，没什么意思，出于礼貌，给你三星。	109
言之命至	画风大爱，设定带感，故事给力，五星追番，十分开心(*¯꒳¯*)ok!!丨2019.10.07，看着满屏的awsl、武运昌隆、完结撒花和感谢陪伴，恍惚中还是再一次被感动到。少年与好友星夜兼程，踏上通往前路的列车，的确没有什么结局比这个画面更加令人心生澎湃与期待了。	12
dfp	感官刺激为主的低龄向猎奇热血片，搞笑和悲情转换突兀，打怪模式是慢动作+超能力特效+一段回忆煽情，战斗戏在意境、节奏、对抗思路的处理上都比较平庸（功夫都花在想各种设定上了，但拼凑起来逻辑性又很弱），叙事太笨，工具配角，主题缺乏丰富或深刻的意味，台词啰嗦乏味，优点是视觉风格和制作不错	256
夏多先生	近年来制作最精良的少年JUMP新番之一，UFO社出品，作画无可挑剔，尤其是第19集，简直一战封神名动天下（虽然下一集发现炭治郎那么帅气逆天的一刀并没有什么用），梶浦由记大神的配乐更是每次听到都会让我鸡皮疙瘩起来。
但我依旧觉得，这部作品的节奏是有问题的，第一次看到开篇就来个三年修炼的王道作品，却并不解释任何原理，只凭一个呼吸大法，主角忽然由一介路人变成腾空遁地无所不能的高手。
剧情明明很慢热，但该渲染的不渲染，例如炭治郎如何走出全家被鬼杀害的悲痛……完全没说，就忽然开始搞笑play了。而可以一笔带过的部分却大费笔墨去描写，例如炭治郎不合时宜的嘴遁，每个鬼死前都要来段回忆杀，音乐是很好听，画面很唯美，但这是想让人去同情那些鲜血累累的食人恶魔吗？我并不太能理解作者的意图。	30
76	不行…我还是受不了磨磨唧唧的男主	94
理绪	新瓶装老酒，没什么特别之处。第一集观感不佳，去看了介绍和设定，感觉更枯燥了。	150
人间烟火	神番啥呀大段的心理描写不尴尬吗音乐还不错	114
路人廿五	如果没有飞碟的制作，该作只能是一部套路陈旧，演出无聊的庸作。梶浦由记的音乐和直死魔眼般的打斗是亮点。设定上太过于jump系王道感觉在看ai编辑用算法写剧情。最后只剩下浮世绘的美术风格，可惜实在顶不住生硬的发展。	92
小鹏鹏kway	内心独白那么长不尴尬吗	306
老阿飞—故园	非常良心的少年番，有黄金时代少年漫画的劲儿，但是主角性格有进化，虽然还是很执着有自己原则（少年漫画主角必需的鲜明价值观），但是终于不圣母了。制作水准也是近些年日本动画番剧里难得的精良，就说一点，线条是有变化的，稍微懂一点动画制作的就知道这有多麻烦了。另外，制作方非常善于偷懒，或者叫做知道成本上的详略控制，中远景角色运动用3d解决，近景切回2维手绘，包括eva新剧场版在内，角色的3d运用都是用在路人上，鬼灭则是运用在了主要角色上，就这一点，就省了很多成本，省下的成本全用在出彩的动作戏上了，第19集父亲的火神舞让我感动了一下，仿佛看到《你的名字》里的祭神舞和《辉夜姬》里老动画人的执念。	8
亲爱的猥琐猪	大正刀锋战士！少了点浪漫，多了点（几乎无铺垫）惨烈。因为看过一点漫画，所以这次对飞碟的动画尤其佩服，额外加一星。民俗风配乐时诡谲时热血，ED梶浦由记水准发挥。各式呼吸的特效也精心渲染（尤其水呼一股葛饰北斋浪潮般美术风格），声优阵容异常豪华，总之想方设法告诉传达着“我们社就是把税补了也还有的是钱”。人设方面，兄妹羁绊、猪头秀颜莽汉、沉睡高手、寡言热心肠、腹黑暖姐、沉默美少女等也能让人耳目一新。剧情上一开始狂飙中段冗长直到蜘蛛山才真正定下节奏，接下来无限火车电影看来不错，飞碟看来都会采取这种TVA→剧场版→TVA的策略吧。个人希望鳄鱼老师守住立场，在一个中篇幅完美结束，不要被动画带得拖长烂尾。	6
ripley	同時看巨人，多羅羅，一拳超人，MIX。相比之下⋯對鬼滅已毫無期待了  畫面再好看也沒用   和前幾部相比 故事真的無趣	68
冬白	10集内容拖成24集，19年水王	143
ryujin	帮帮忙就这还说是jump新台柱？麻烦不会说故事就像小畑健找个剧作家合作。一切都硬给你解释硬给你设定，毫无技巧毫无深度,比"颚美"的下巴还要硬，脚癣般的台词，无知+无趣，简直灾难，坚持了5集，还我人生还我时间。和ヒロアカ同时入选智障儿童特供。	118
野蒜	慢热是硬伤，前三集都没有吸引到我，第十九集才变得好看。和故事时代相比，角色的华丽穿着让我有一瞬间出戏，我还以为斩鬼的都是帅大叔，结果是小鬼头的燃战。剧情进展和《多罗罗》正相反，多罗罗越来越烂，这部却渐入佳境。	76
bill910	完整看完了，太TM俗套了，少年JUMP典型王道流水产物，故事上真的没新意，UFO制作很稳定，但这个故事太无聊，N多设定都看到之前少年JUMP的影子，好无聊。	63
兔溪	如果不是对日本二维格斗动画特别感兴趣，我不推荐。因为这部动画虽然制作处处透露着“富得流油”，但是基本上每一集我都是跳着看的。少年JUMP热血漫画的套路过于明显，基本上看了开头猜到结尾，在精良的制作和精彩的格斗都挽救不了剧情上的老套。不仅如此，在搞笑部分也用力过猛，比如我妻这个角色的胆小怕事，让他从头到尾一直尖叫流泪，隔几分钟就来个“颜艺”镜头，除了最开始奠基人物特点的段落有意思之外，其他部分我都觉得实在多余。同样还有愈次郎对女主人的盲目崇拜和独占欲，从头玩到尾，生怕观众Get不到，连别人在解释关键信息的时候都生硬地插入“啊，XX真是好美”,特别让人出戏。	68
拖延症妖怪	画的什么玩意儿，乱七八糟的元素整合在一起又毫无逻辑，画风、剧情都不怎么好看，这几年日本动漫的质量越来越低了	68
狗饼干库洛米	画风切换自如，尤其举剑的时候溅起的浮世绘风水花，出色的原画和演出，虽然战斗场面基本是靠分镜狡猾地制造氛围但制作整体还是有钱。但是对不起对不起对不起我又要挨骂了。请问这脚本这剧情这节奏，你瞅瞅你那台词水平，小学生作文现在都不敢写这样的好吗。啥玩意儿啊，以后这种大数据写剧本的能不能开头说一声别浪费你妈时间好吗。咱温柔点吧不说笨了，就说功力不行吧。	58
豆瓣猜谜练习毛	因为口碑很好看了两集实在看不下去了，画面和音乐确实很好，但是剧情与角色套路仿佛在800多个少年漫里面见过，台词更是糟糕到想给每个人请一个好好沟通交流的训练老师……真是一个集齐所有萌点可兑换平庸作品的案例了。	40
#奶油燉蘑菇凊#	我才不會說，我是因為看到一隻鴨子cosplay炭治郎才來看這番的...	6
cuzn	可能真的是年纪大了…连被吹爆的19集我都觉得就稍微好看一点，值得回看一下但也没有那么惊艳。还是故事节奏和人设问题吧，出戏的地方太多了…浪费了飞碟社强大的制作。jump热血漫后继无人了啊。	16
NPC	我没看原作所以没有原作加成，我依然不知道飞碟在搞屁，长项还是表现很好，弱项只有更加弱，以及这套美术我本来欣赏不来，成片各种近景特写还表现的奇差无比，配合狗屁叙事简直绝了，我要是原作粉估计得暴跳如雷（结果那么多原作粉竟然还一个个又好又妙，绝了……	50
芦哲峰	兄妹情深不弃，人鬼殊途互杀。有情且强者生，无胆而弱者死。	29
UrthónaD'Mors	去看漫画吧，不错啊～喜欢ost希望赶紧放出	8
呗先生	两集弃，全家被杀，唯一幸存的妹妹还变成鬼，在这种情况下，男主竟然对鬼抱有同情心不忍下手？？！甚至可以预见之后的剧情就是因为男主的寡断导致谁谁谁死亡，这朵白莲花才慢慢成长起来。总而言之，吹捧得太过了	62
Aum★Ken	这是热血？我的妈，简直笑掉大牙，现在的年轻是多没看过热血，这么不挑的？？？这种热血和很多经典热血比直接被秒杀，而且里面大人长得也像小孩，不知道怎么画的？什么多罗罗、鬼灭9.0分什么玩意，我真的看得一脸懵逼（因为看得分很期待），看来真的是现在看动画的年轻人太多了，刷起来的，和原来的热血漫比简直不能对比，就算和老作品新制作的近几年的jojo也是甩这几部剧十条街都不止；英雄学院也是，自从师傅不行开始就烂尾了，漫画也是一个稀烂，结果第四季还能9.0分，哈哈！鬼灭画面制作不错，但是说剧情和人设简直就是毫无说头，人设一个个也特肤浅和纸片化，好多剧情也很尬，完全看不下去了，十几集弃了，受不住了！	57
小狐狸的慢灵魂	带智商看不了《鬼灭之刃》
一流制作准一线声优冷饭设定三流脚本看过《犬夜叉》《东京食种》这玩儿就不用看了经费能不能借点儿给《钻石王牌》……	47
路西法尔	正常的JUMP王道，亮点在动画制作走的精品化路线，最后销量也还不错。	6
狼矛	这是制作精良，卖萌热血番。值得一提的是被杀死的鬼最后的悔恨，生而为人，有很多做不到的事情，被变成鬼后，心绪发生变化，在得到强大力量的同时，也失去了做人的理智，内心的执念被放大，并为了完成这份执念不择手段，毫无底线，殊不知，就在你变为鬼的那一刻，就成为了被本能支配的怪物。
ps.最终BOSS无惨女装挺漂亮的，期待第二季把他碎尸万段。(话说在浅草你不杀掉主角，之后派个上弦过去都可以把主角秒了，何必派弱鸡给他送菜？)	2
蓝抑郁剂 Lily	好久没有看到这么纯良善良的男女主角了，看完第一集我就冲了b站会员，画风很花哨，设定也还是那么俗套，但就是有让你一直追的魔力	3
清年北上	铁血兄妹情！	6
长街踏尽	自带解说，头皮发麻	45
一叶	为什么可以这么好看?!!!!! 灰常灰常棒了。。。男主坚韧聪慧热血又充满了至真的善良，实在是这些年里最爱的动漫主角，没有之一。画面特效很赞，那种鬼魅的苍凉的配音完美贴合场景和主题，有一种极致的美。	5
昏昏糕🥱	超级子供向😂 唯一看点：水波纹作画（炸裂了）	37
弥赛亚代言人	前五集剧情弱的一比，后五集故事水的一比，好在中间段落无论作画、动作还是悬念设置上都相当高能，在这个日漫崩塌得比中国男篮还快的时代，《鬼灭之刃》已经算是今年四月番里无敌的存在了吧……比较要命的缺点两个，一是三大主角每个都是“非正常人类极端性格”，让人对整部剧的角色完全投入不了感情；二是作为热血漫，用数字命名招式这么烂到惊天地泣鬼神的点子到底特么谁想的？！招式完全记不住，讨论的空间都没有的啊！再加上招式之间也没设计出差异性，屏幕上打的再激烈，观众都只能看完就忘，这可太糟糕了！	38
OrangeJune	还以为看过19集会有怎样的转变呢 人人都说封神 我以为是剧情上有啥大事情发生 结果就是个画面 完全无感 很奇怪现今的动画莫非都要靠卖腐 卖萌抑或配上某种自以为特屌的音乐加画面就能称神作吗 看过巨人 牛仔 之后 这种动画不值一提	39
bolsniso	1/蛮好看啊。6/道理我都懂，可是有的时候拖沓得要命，还有古怪的心理描写。7/弃了。画面再好也是白搭，不仅人不说人话，连鬼都靠心理活动。漂亮的PPT。	27
斯多亞	空洞、俗套，义务式的热血。现在主流动漫最大的问题在于，只剩下被抽空血肉的人设符号和背景设定了，且这些所谓的“人设类型”早就在千百次复制粘贴中失去了所有的生气。每个少年漫画新作者只想着如何浮在表面玩转既有套路和流行元素，在结构上死板地拼凑出一部四平八稳的作品。所以现在的小孩不仅接触不到人格丰满的二次元角色，就连像样的叙事和创新都看不到了。动画公司制作技术的成熟往往掩盖了原作的缺陷，什么“一集封神”之类的评论实在是太廉价	26
huo！	最言过其实的作品，节奏拖沓，剧情缓慢，进展全靠口遁，男主妥妥一个杰克苏，搞笑别提多尬，要不是动画质量比one piece高简直一无是处！	40
沉水	主要看点是画面效果，剧情集热血、卖惨、卖萌、卖腐、沙雕、耍帅等于一身，各种乱七八糟段子都有，剧情人设均较弱，据说曾经差点被腰斩，难怪为了吸引眼球做足了功课。	23
McBee	善逸必須被毒啞...............	2
三丁	钢炼换皮？	2
Mr. Infamous	男主炭治郎真的太像郭采洁演的喜宝了！！毕竟是少年番，掺了太多絮絮叨叨的各式骨科与聒聒噪噪的所谓幽默，尤其是那些柱，一个比一个病态，配合着过于森严的等级，礼数容易激起鸡皮。有点遗憾，整季看下来，没有一个角色是打心底喜爱的。但是反派的血鬼术还是很有创意，箭头手球的初次大战、鼓之屋都很棒，蜘蛛山更是激爽，可马上落入后几集“必要”的无趣里了。	2
有心打扰	啊啊啊啊！！！太精彩了！！中二魂燃烧的部分固然精彩，但是其在细微处呈现的情感脉络更是让我动容落泪。每个鬼都有其悲惨之忆，大千世界，都是苦难之物。	4
thatsreal	ufo真的…动画做得一言难尽，导演的水平也很average	39
哼一首歌给哈尼	不过不失，还不如中庸的甲铁城	22
栗夏溴隐亭	来自原作缺点很明显，解释性的独白过多影响叙事的流畅度，但原作独特的气质加上ufo这次出色的改编、制作，越往下看越让人着迷。虽然作品中的很多设定、发展都似曾相识，特别是温柔坚强懂人心的主角＋对自身悲惨命运无可奈何的原人类，不由让我想起我喜欢的另一部作品：《D.Gray-man》，然二者的气质氛围又各有独到之处，无论是鬼灭的妖冶和风还是驱魔的冷峻哥特。//燃哭了！五星五星！蜘蛛山篇开始渐入佳境！	4
夏木君	二星 一开始被这番的精美画风所吸引，接着是还算应景的古风BGM，然而越到后面剧情越下降BGU也明显，煽情场景越来越生硬，最重要的是打斗始终不够热血敌人挂的很没印象，还有一个最最让人受不了的是妻善逸那个傻逼角色，特聒噪，整集的哭闹、胆小怕死还去当鬼杀队，简直是越看越烦、越看越恶心。	33
树骨头	小朋友被灭门了我却从头笑到尾╮(╯_╰)╭ 苍天呀这导演哪儿来的	13
ウロボロス	这就是你b的人气动画吗？真是有够好笑的呢	24
不爱吃鱼的猫	「天朝三流武侠网文+步步高学习机内置单机游戏伏魔记+煽情广播剧」的典型性JUMP热血漫元素大杂烩之作🙃
为了等真香定律，从第十二集开始2倍速，直到看完被吹爆的第十九集，我还是没等到真香定律。只是在内心更加确定☞JUMP吃枣药丸	41
普通自由人	9.1分太浮夸。若不是经人推荐，5集以内就弃了。故事无惊人之处，人物也没特别讨喜，情感无共鸣。各种内心戏太多显得还很啰嗦，打斗场面倒是精良得很。很想知道JUMP为这片如此投钱是什么个缘由，继续观望。	12
望远镜	剧情王道，制作良心。长处和短板都很明显，中期节奏重复拖沓差点想要弃番，看到19集片段才捡回来补上进度，好看的回数确实牛逼，但差的集数就真的很无聊了，人物性格塑造过分夸张的问题也难以忽略。你瓣新番冻鳗评分注水程度简直是要达到跟mal一个水平了	18
Lycidas	经费与声优表爆炸！一定是为了留着无限列车做剧场版前面才水了那么多集吧！！！无限列车开始漫画就变得无敌好看了，按这个走向和飞碟社的制作水准后面必定全程高能，超期待！并日常需要更多祢豆子。	1
pichan	两星全给制作。非常不喜欢且越看越气。生气的点在于整部作品的人物设定、世界观、走向，很可能是未经过认真构思出来的结果；它非常像一个市场流行元素的大拼接，人们喜欢看兄妹情、反差感（男主全家被杀依旧内心温柔）、蠢萌角色、鬼怪异能……那就放在一起吧！至于角色成长、背后大boss什么也不新鲜了。搞笑部分尴尬且聒噪，角色打斗全靠嘴炮。被封神的第19集，看到男主走马灯时记起父亲，两人的额头左上方有着类似的伤痕我真的气笑了，除非有剧情交代，不然这种子承父相的设计完全就是不愿意思考的极致敷衍。	24
浣熊市逃生选手	炭只狼，请把血液交给永真小姐，好让她研究治疗龙咳的秘方（。Boss太low了吧，这么怕死，这么怕别人说自己脸色不好，还给属下设KPI。神经病，出来晒太阳。	4
看不见の夜光色	超级棒，越来越好看了，26集看完一点也不过瘾，期待第二部，第三部，第四部......	3
MISIMOSHEN	头脑简单的反派，无聊透顶的直白剧情，再加上尬吹的粉丝，仅靠飞碟社优秀制作撑腰	16
EllieBlank	一星给制作一星给作画一星给音乐吧，剧情和设定真是太商业和讨巧了，没有看过类似的更好的作品的人会觉得很好吧，看多了就觉得这片子显得苍白	15
Roland	我看完动画追了一点漫画，到后期上弦月挨个和九柱兑子，打到铁匠村看到boss能力是分身就觉得不行了，又丑又聒噪。作者做妖怪设定完全不行，一个二个吹的都是几百年超级厉害的大妖怪，情绪管理和小学生一样废话多又容易被激怒咆哮，感觉一个比一个lowb，最终boss只会发飙欺负下属，看上去也很搓。当然动画看到五颜六色杀马特一样的九柱出来我也没报太大希望，不过后面完全是杀马特打lowb的套路，还真的有点太失望了。时髦度太低了，不管乙方还是敌方。	13
尼伯龙根的指环	俗套的少年漫，并不明白哪里好看	11
虾坨坨艺仔	除了前期的每个人出场都要说教和动不动就男子汉长男子汉短的让人烦以外，还是挺好看的。男主和弥豆子都很可爱啊。话说爸爸身体这么差为什么有5个小孩？	3
Berserker	这第一话是个什么玩意 标配的男主大正义思维方式 老好人碰上老油条灌输弱小即错的对白真是又臭又长又老套 弃了	17
颜落寒	各方面都很“王道”，期待「无限列车篇」～	3
王大盆	这有什么好看的啊？？	4
应用层协议	其实优缺点都相当鲜明，优点就是音画表现无可挑剔，尤其是打斗场面，剪辑和动作构思脆爽凌厉，3D渲染配上浮世绘印记浓重的技能特效打造了耳目一新的美学风貌，再加上精美的作画和人设，视听带来的观看爽感确实直接而强烈。但鬼灭也精准地落入了王道系少年热血动画所常见的每一处窠臼：似曾相识的设定，一望而知的情节，脸谱化的配角（比如以极其粗暴过火的方式表现黄毛的怂、猪头的莽），先挨揍再开挂的战斗流程，血统论，还有最可怕的日漫解说传统：大量的独白，所有情绪都必须像技能名称一样大声吼出来，还有时不时流露的右翼思维。。。当然假如你已经彻底接受了此类作品的创作模式，觉得王道系热血少年番不就是这样的吗？那在此前提下鬼灭确实可算是数年一遇的“神作”了。	8
美人長命	再也不黑ufo了，制作超精良，3渲2特效很劲；关于设定，最终试炼这种脑残设定放一边，各种少年漫前辈的既视感都有（大boss完全就是DIO＋吉良吉影啊），也没有什么意外的剧情；想翻白眼的是常有强行展开的感觉，强烈感到剧作的黔驴技穷，退一步来说可能前期介绍角色和世界观展开时期会有这种问题，进入主线后可能会好起来呢？（好吧其实就是作者功力不够 还是别骗自己了。）19话高水准，但其实漫画（对应漫画40话）的很多细节没有表现出来，而且原作这里也不是什么情感爆发点，所以改得有点莫名其妙，缺失情感铺垫，仅仅靠演出和作画撑出来的感动是不会在心里留下来的（会被时间证明的）；jump的几大新台柱都看过了，不管怎样，这部的水平和大部分其他同辈相比已经挺高了，确实某个黄金时代已结束。	20
のこ	啰嗦老太婆	5
klot	隔了这么久b站100万一集的流量又看了一下14集，和第一集区别不大，基本上是无意义的填充。反正画面精良就够了，喷喷血玩玩玄就得了。	29
海边的索塞罗	补标。今年看过最精良的制作，真正的经费爆炸，即便巨人第三季也能挑出画面崩的地方，但这部动画里每一帧都足够精致。评价这么高主要有三点
一、在普遍快节奏的潮流中，这部却能静下心来以慢节奏塑造人物，尤其主角炭治郎，不圣母不嘴遁，很少有这么充满魅力的主角。当然这么做有可能会在前几集流失一部分观众。
二、特效和作画是最让人赞叹的部分，2D和3D结合的技术既创造了立体的环境又保持平面的美感，呼吸流派的特效采用了类似浮世绘的画风，惊艳的创意。
三、顶尖的分镜和动作设计。除了战斗部分的流畅，细节也经得起考验，例如19集一个短暂镜头里居然用了焦点切换，许多一闪而过的画面主角面部仍然有火呼吸的照明效果。赤手空拳的打斗也细心和专业，碾压一众“欧拉欧拉木大木大”的作品。
大家吹爆的19集只是这些优点的集中爆发展示。	2
大海里的针	吹得那么爆，然而前两集没吸引到我，果断弃番。尤其第一集主角全家死后，救妹妹的时候各种中二嘴遁，还是那种少年热血漫的套路，台词太尬了。	13
唐田英里佳男友	太jb难看了，聒噪的要死。这是给幼儿园小朋友看的吧？	14
姜小白	勇士直肝，太好看了，配音惊艳，打斗华丽内敛跟妖尾一样有特色。另辟蹊径关于呼吸的设定让我直接把Apple watch的呼吸时间从一分钟调到五分钟了。习惯民工漫的慢节奏跟傻缺男主对这种智商在线又行云流水的剧情节奏大感亲切，猪猪实在太可爱了，组队后气氛活跃让人捧腹，看的很开心。野猪真是可爱的像我外婆形容表弟小时候的顽皮——像从野坡里捉回来的一样。b站圈到的都是可爱的人，弹幕氛围太好啦，武运昌隆啊诸位~	2
GIVIND	{充了大会员追番终于理直气壮告别白嫖了doge} 画风超级无敌帅气，除了对白有些啰嗦，明明很多情节只靠画面也能表现的很清楚；但该热血中二和伤感泪崩的点一个也没落下，这才是合格的爆款相（果然我还保有一颗比肉体衰老周期慢许多的二次元魂呐……）// PS. 话说看过的人还有谁不会唱主题曲!? 毕竟在小破站屠榜近一年且众所周知<紅蓮華>是一首由霓虹国知名跳大神女歌手LiSA亲自作词并演唱的中文美食歌曲(大雾!)	2
美人長命	再也不黑ufo了，制作超精良，3渲2特效很劲；关于设定，最终试炼这种脑残设定放一边，各种少年漫前辈的既视感都有（大boss完全就是DIO＋吉良吉影啊），也没有什么意外的剧情；想翻白眼的是常有强行展开的感觉，强烈感到剧作的黔驴技穷，退一步来说可能前期介绍角色和世界观展开时期会有这种问题，进入主线后可能会好起来呢？（好吧其实就是作者功力不够 还是别骗自己了。）19话高水准，但其实漫画（对应漫画40话）的很多细节没有表现出来，而且原作这里也不是什么情感爆发点，所以改得有点莫名其妙，缺失情感铺垫，仅仅靠演出和作画撑出来的感动是不会在心里留下来的（会被时间证明的）；jump的几大新台柱都看过了，不管怎样，这部的水平和大部分其他同辈相比已经挺高了，确实某个黄金时代已结束。	20
Cure Kuma	梶浦的音乐配这个类型的片，感觉有点违和啊【飞碟桌还是可以的	2
大海里的针	吹得那么爆，然而前两集没吸引到我，果断弃番。尤其第一集主角全家死后，救妹妹的时候各种中二嘴遁，还是那种少年热血漫的套路，台词太尬了。	13
白铁Jazz	动画的问题就是节奏太慢 看得让人心里火	8
某J。624	非常jump，制作和配乐都在线，沙雕热血又有点悲伤的风格，但故事节奏有点参差不齐。比起说慢热，反而觉得高开低走又回温。最虐ep5（没想到居然只是配角），最燃ep19。富冈和蝴蝶这对很好吃啊。妹妹好可爱！	5
荞麦安娜娜娜	前面是“沙雕之刃”，19集之后才进入正剧，据说后面会变成“柱灭之刃”…（等待后续的空档去重温一下童年最爱犬夜叉嘻嘻～	1
看不见の夜光色	超级棒，越来越好看了，26集看完一点也不过瘾，期待第二部，第三部，第四部......	3
“∞”	有民工漫TV长篇的影子，但生错了时代，集数的限制让故事铺垫不明不白，前期节奏太慢，提不起劲。试图用反派忏悔和男主同情增加情感，结果成了标准格式，看的无语。优秀的作画和流畅的动作是亮点，音乐好听，打斗帅气。	1
火娃	7/10。前期心理独白过长，后期格斗的部分黑暗治愈、处处惨烈，却不强调智斗，纯粹靠积攒怒气值，还陷入思考鬼族存在意义的俗套，好在以蛛丝的断裂象征羁绊的错误执念一类反角的落泪回忆杀，不刻意矫揉造作，秉承了少年漫的王道理念：技能华丽的角色闪亮登场，敌人魅力与主角不相上下，受点伤就能激怒弹幕的可爱女主角，印象深刻的诙谐、感动点缀其中。肯定要提超震撼的战斗，碳治郎水之呼吸发动，浮世绘风格的波浪围绕着人物旋转，大城市夜街的花海迷魂术、弹绣球击破鬼头和红色箭头主打的洋房之战、随鼓点任意翻转的多层房间、刺进心骨的牵线人偶、鲜艳刺目的爆炸，画面充满激情、梦幻的张力和运镜的纵深扩张感。拒绝用脑的猪突猛进、‘‘弱小无助’’和是女就上的善逸、 身段缩水和小眼的祢豆子，角色互动提升了康复集训、乡巴佬坐火车等喜剧性情节。	5
九秋蓬	平庸的剧情和毫无灵魂的设定……这无聊玩意儿现在能火成这样？？！！	6
姜小白	勇士直肝，太好看了，配音惊艳，打斗华丽内敛跟妖尾一样有特色。另辟蹊径关于呼吸的设定让我直接把Apple watch的呼吸时间从一分钟调到五分钟了。习惯民工漫的慢节奏跟傻缺男主对这种智商在线又行云流水的剧情节奏大感亲切，猪猪实在太可爱了，组队后气氛活跃让人捧腹，看的很开心。野猪真是可爱的像我外婆形容表弟小时候的顽皮——像从野坡里捉回来的一样。b站圈到的都是可爱的人，弹幕氛围太好啦，武运昌隆啊诸位~	2
毕晓普？	想多看一点祢豆子打架	1
国王KING	新台柱（确信）	1
唐田英里佳男友	太jb难看了，聒噪的要死。这是给幼儿园小朋友看的吧？	14
独孤行二	复古的画风，王道的剧情，浓浓jump味。希望出事儿的飞碟社后期保证质量，我永远喜欢祢豆子！	2
Frederick	《鬼滅之刃》第19集《火神》最後7分鐘
可以說是目前為止2019年看到的最🐂🍺的演出
飛碟桌不愧為光污染大廠，光影特效強無敵，前半段炭爸跳舞的三渲二也是極為流暢，鬼滅本身複雜的呼吸刀法ufo的處理真的堪稱「驚艷」，水流變業火的一瞬間配上梶浦由記的bgm恰到好處將氣氛推向高潮，變調之後鏡頭的切換到妹妹的爆血屬實令人頭皮發麻，cv的處理也是無可挑剔（內山真的蘇到爆啊），最後直接由bgm切入ed加上回憶插圖的處理方式真的是神了，鬼滅這一集可以說能讓前幾集奇言怪語的人閉嘴，我是真的愛了
再看一看隔壁炎炎，怒其不爭啊！！！	5
[用户已注销]	明明平平无奇，怎么就捧上神坛了？	11
毛裤先生	就这？真的挺一般～还比不上东京食尸鬼，打斗场面制作的还是挺精良的	8
顾俏乜	祢豆子真的好萌啊，尤其是21集逃跑那一段，十九集真的好燃啊，适时响起的bgm非常好听，去搜了一下bgm的翻译，隔壁相当适合，循环亿遍！！！！！！！	1
glim	除了猪头之外全无可取，不知道怎么能有那么多受众	3
本来老六	五星下调一格。还是有些毛刺。追到22集。鬼比鬼灭队感人。23为三星了	0
鬼腳七	我妻善逸真的好吵啊，笑	0
浅酌低唱	传统热血漫框架下的作品，剧情还算连贯但逻辑性差，设定老套。1.剧情设定，吸血鬼框架，虽然加了创意延展，还是很一般。2.人物设定，主角一直都是正向进步，且格局不如海贼路飞，然而现实中人类也是脆弱的，所以安排了一个胆小的伙伴负责吐槽和搞笑，这个伙伴还担任传统漫画中好色的角色，不得不说，不怎么好看，吐槽的时候太吵，好色的时候莫名其妙，好色是不是已经不合时宜了。3.祢豆子，无法说话的主角妹妹，觉得是一个传统日本女人的形象，被当作男人的附属。喜欢不起来。4.鬼被砍头之后的悲惨人生回忆，强行催泪引起不适。5.打斗场面，个别惊艳，整体平庸，打斗中的转折不够顺畅。6.柱的整体出场，且不论人物好感，对于这几个人物的介绍，基本在生硬的贴标签，观感较差。7.炭治郎最初修炼时遇到过世的师兄妹的指点是什么道理...	2
20个小明≯	ufotable的制作太良心了……阿布望的原画也是逆天……保持现在的质量和周更连载真是鱼和熊掌……	0
里相玉	世界观不喜，角色塑造和情节推动亦不喜，一定要用前一秒想揍后一秒可怜的路数吗？而且过于讨巧，靠回忆各种翻盘也很单薄。不过有一说一，打架概念不错。	4
Wuiia.	优点明显，缺点同样明显的不得了，整体来说观感还不错，毕竟顶多也就算个序，勉勉强强差不多给个4星吧。（少年漫无误，有些年龄了的朋友还是弃了吧）（仔细想想低龄倾向或许不是作品的缺点，是我的？）	1
初音奥特曼	8.1分，确实是被高估了的作品，不过既然能在各大评分网站享誉盛名，说明其实力也是有的，没有某些人贬的那么一文不值。剧情不如《斩赤红之瞳》，不过摊上了个好动漫制作公司，战斗场面可比《斩赤红之瞳》强太多了。	1
团小纸	4.7。格外的感受到这是部没打算长远的作品，但也由此代入了一种当下立斩的果断，每个故事都是快准狠，主人公也有人缘。蜘蛛山的故事里内山的配音真的太好了。期待无限列车，柱与十二月之战一定更精彩。	0
SydneyCarton	神作倒也谈不上神作吧，还是热血少年漫的套路，到收尾时才稍稍有了点味道。体系有趣，（鬼方）打斗招式设定有趣，像是当年的徐克来拍百鬼夜行，但整个战斗系统逻辑欠奉（各种呼吸很适合幼儿观众学习呼喊倒是真的），节奏略拖，说教稍重，乏味的搞笑也重复过多，太拖戏。其实，这部最大的优点是造型设定漂亮，几乎每个人物都好想收手办啊！	0
 California	废话太多，高开低走，剧情拖沓，情节人物设定落入俗套适合低龄的动画，人物没什么性格,鬼也是罗里罗嗦，看过太多这种番，很难有什么值得记忆的特别之处除了画风 。男主瞎热血，看得我好尴尬。

整体给人感觉很吵很乱

豆瓣怎么这么高分

弃了	14
银河潜者	抛开那些大喊大叫让我想快进的内容，这个故事把复仇惩恶的快感与对罪恶背后的悲悯完美拼接在了一起，让人感觉不到矛盾与违和，这是它最高明的地方。	1
Vini_Kazma	不跳OP，最爱	0
windy	祢豆子很像《一人之下》里的宝儿姐，呆萌呆萌的，尤其是豆豆眼的时候，虽然实力还没体现出来，整天睡大觉回血；炭治郎小温暖，有同情心、善解人意、善良乐观、努力向上、跟鲁路修一样是护妹狂魔，最后一集无形撩妹最致命^~^还有隐藏天赋火之神神乐，简直是天选之子，人设太完美了~痴汉我妻善逸与猪突猛进伊之助搞笑专用，有他俩在气氛就愉悦了起来；三个基友聚在一起嬉笑打闹虽然有些拖剧情，但也算使故事推进张弛有度，让观众们笑着迎接接下来的挑战；愈史郎经典舔狗形象，也是搞笑担当；鬼王鬼舞辻无惨苟出来的Boss，靠卖血为生QAQ感觉除了上弦和十二鬼月，其他都是炮灰，鬼杀队的甲乙丙丁分级似乎没啥用，下弦就下弦之伍累发挥了一下，其他除了魇梦都打都没打就领了盒饭；每个鬼和鬼杀队背后似乎都有一个悲惨的故事啊；这种热血战斗番看着真过瘾！	1
Panda的阴影	观感超乎预期的一部动画剧集，以至于兴致勃勃、通宵达旦地追完。看到第12集那只拍骨就能转变空间能力的鬼后冒出了打5星的想法（联想到《盗梦空间》《奇异博士》…），而后第19集燃到催泪的结尾更坚定了我强烈推荐的念头（IMDb这集竟然高达9.9分…）。故事的设定联想到《死神》，部分人物或鬼怪的动作设计则联想到《火影忍者》，炭治郎与祢豆子深厚的兄妹羁绊以及他辛苦修炼武艺逐步变强等则联想起《海贼王》（好色怯弱的善逸和肌多缺智的伊之助有点山治和索隆的感觉）……叙事节奏紧凑，战斗场面精彩刺激，动画制作也是可圈可点……看的动画越多，喜欢的越多，待续的越多，可时间和精力………ε=(´ο｀*)))唉！	4
辉盾与黑刃	UFO这次总算是又选对剧本了，少年JUMP上的漫画一旦找对公司做动画，效果就一直是这样爆炸，题材上其实普通到不能再普通了，而且鳄鱼本身的节奏其实也有问题，喜欢楞加一些不重要的反派的回忆，可能是想用洗白的手法来煽情的， 但是这些鸡毛蒜皮的小角色苦不苦，到底谁在乎啊？！动画这点就好一点，能赶赶时间应付过了的就绝不多占时间，心思全花在打戏和民谣上了，梶浦由记还是厉害啊	3
Kinyuan	评分这么高，是都没看过经典的热血少年漫吗？小英雄一样的大杂烩（超能力还融入了当代流行元素？），也就视觉风格还不错，但是鉴于已经 9102 年了也不足为奇；3D 出戏，靠解说推进的方式不能再蠢，观感在太赶和太拖之间摇摆。缠斗、说教、煽情三位一体的标准套路，尬燃尬泪尬笑尬闹。希望少年热血漫不要再止于把以前的作品换个花花绿绿的外皮包装，顺便修修补补来实现所谓的高完成度。	8
火锅	xy好喜欢这个给我安利了好几次壁纸都是 还有另外一个朋友也安利了好久 我终于刷完了 也好好看 男主这个名字咋回事 什么灶门芥之郎 这番的人名都好奇怪 我妻善逸还有一只猪什么的 炭炭真的超级亚撒西 温柔得让人想哭那种 善善超级可爱和豆子妹妹一样可爱 沙雕三人组带来好多快乐呀 还喜欢师兄和透 被弹幕的“无惨出来喝花茶晒太阳”笑死	3
清舞翩翩	21集高能，剧情战斗也不拖了。一切开始露出真容，九柱，十二鬼月。该有的线都有了，等待无限列车，无限城剧情。让主角开始斩灭这宿命，鬼团全军覆没！兄妹情，兄弟情都有，还有羁绊你需要的他都有！！	1
欧陆	全靠弹幕撑着才看得下，背景和设定比较一般，故事也单调，混合元素众多，没有形成风格。沙雕还有点吸引力。	8
Juvez	并不否认忍着前期所谓的“慢热”节奏看到中期,还是有点看下去的欲望。但说实话,这番被吹得有点过头了。无论是战斗体系,剧情套路,热血与搞笑的观感,还是角色的个性塑造,都只做到了很平庸的水准。作为“王道热血漫”,比起前辈,并没与它们相媲美的热血之气与强节奏。而与同期的某些作品相比,台词相对稚嫩,设定剧情也相对偏套路化。认可ufo的制作,但动画化也使得作品暴露了很多问题。	7
鎮長	評論區裡面的某幾條也是說的在理，這部片確實就是青少年熱血王道再加上幾個元素，漫畫沒有特別紅也是可以想像。不過動畫整體上製作算是相當優秀，戰鬥部分感覺頗燃，基本上不算神作，頂多是上等吧。	2
传说中的嘉宾	挺高期待 很是失望 一部比较低幼的动画	12
Merov Mugatu!	台柱也就这样而已呀，不明白为啥会吹爆。快进看完，我对女装大佬BOSS比较感兴趣，啧啧啧	4
zhang 2nd	制作太强了，炫丽漂亮	0
Yu_Ying	看不下去了，本来漫画看到现在，我对他的印象就降了一格，本以为动画能改的好一点。结果现在12集，节奏就已经拖拖拉拉，逼叨几下一集就过了，等了一周后就是一集逼叨连小boss都没打完。过多的插科打诨显得这个动画更加低龄，像是少年漫中偏初中生年龄段的作品，年龄超出很大的观众还是弃了吧，浪费时间。	9
阿不懂	各方面做的都很不错的热血番，主角团都非常讨喜，观剧过程中阿伟死了很多次	1
低等游民	坚持看到21集，除了画面，还是基本吹不动	6
飘零燕	整体很一般。前几集剧情太弱，最后几集内容太水，只有中间部分比较吸引人。主角出招时那特效画面，实在不能更违和... 每次主角打不过的时候都能想起些什么，然后技能顿时提升，顺利打赢了对手，主角光环亮瞎。另外 ，那个黄头发实在太吵了	5
洛。	頑張れって、魔法の言葉だなぁ	1
#ゑ#	各方面的好看	0
听霜书生	合着这二十多集是个大型前传啊，劲儿都使在最后一集上了……剧场版预热pv，绝了。	0
塔塔君Minkun	人物、氛围，少年漫画的立足之本，动画改编立住了，再锦上添花就是成功。只是依旧是ufotable的演出过度。	1
贾小年	我是真的觉得作画一流。嘛，男主os也是	0
老滚	总体还行，前面几集慢热的剧情过去后，后半的剧情节奏算是慢慢起来了，不过整体的好的观感还是因为飞碟社优良的制作带来的，19集和最后一集更是，3D的运用和作画都特别突出，人设方面是真不咋喜欢，显的有些矮小，还有就是俩男配也是够吵，看着怪烦的	3
glow	前三集终于看进去了，看的时候一直很好奇祢豆子一直叼着竹筒不会淌哈拉子么，我记得我小学的时候每年夏天学校体检都要要咬那个让牙很酸的东西，因为要咬很久，咬的时候同学都呲牙咧嘴一直淌哈喇子。。。
—————————
竟然三天就刷完了😂😂😂	1
iriselite	很久没有看到制作精良，故事节奏快、情节感人，人物塑造出色的动画片了，第一部越到后面渐入佳境，期待第二部。里面的不少人物是有性格脾气缺陷的，在现实社会很难被人接受，很难融入社会，在动漫里一切皆可能，大家为了一个共同的目标而奋斗。男主角从小的经历到现在，真的很难。最后还是很励志的。	0
巧克力脆皮雪糕	看了两集，感觉男主战斗力还凑合，不算非常废柴，但关键时候圣母心泛滥有点烦，再看几集看看吧。	0
元気一杯咪噶酱	作为新晋“民工番”还是很合格的	0
猫的莫咪跪神棍	居然完结了？！！！完结居然还上热搜了？！！！看来大家都跟我一样以为会是年番！虽然一开始因为男主话太多和剧情司空见惯没怎么期待，但这个制作我真的跪了orz 飞碟社牛批！看了漫画以后发现原作在搞笑方面真是一把好手(๑•̀ㅂ•́)و✧	3
许海生	除了热血华丽的打斗，花江夏树的声音真是温柔，每个异化堕落成鬼的人，背后都有个悲伤的故事，斩杀屠戮的同时，最难的就是用同理心去安抚每个受伤的心，善逸是个好孩子，求作者让他做阿碳仔的妹夫吧！	0
Ronknife	作为动画强行拖进度的地方不少，主配角的属性设定有点低龄向，小鲜肉日常卖萌这是要面向宅女么？试想如果在灌篮高手里安排三个樱木一样的人物灌篮还能成为经典么？剧情方面虽然未完结但就算展开了依旧只是低配版的死神而已，能有9分评价感觉是B站垄断刷上来的可能性比较大，又或者说B站群体图样图森破？	6
Simona	碳治郎太能撩了 感觉温柔到不行一个人 人设近乎完美了 祢豆子可爱 妻善逸太逗比了 被雷劈的发色太秀了 放大招就是大型精分现场 帅就完事 伊之助金刚芭比 也是很可爱了 火神那一集高能 期待第二季 三个小可爱都会成为柱吧 还有火之呼吸的溯源感觉会很厉害	1
大波罗霸	画风舒适，也无特别高开低走，可追	0
Strelizeia	刚开始实在忍不了中二的画面，本来应该挺深刻的，关于从人到鬼再从鬼到人，以及中间是否有人的自我意识存在或放弃的各种寓意，直到最后一点点才有那么点意思，可惜了。	4
红叶@提不起劲	黄毛真的是小天使	2
失足妇女	制作真的很精良 没有崩....剧情还是太老套少年热血漫了	6
子逍	19级我没了，给五星，这么说吧，这辈子从来没这么激动过，就凭这种感觉，他就值得五颗星，现在完结了第一季，完成度极高，音乐画面剧情无可挑剔，热血动漫的巅峰之作！	3
yѧѳ⑉爻	动作3D帅爆了！之前觉得善逸太吵 后来竟然把我逗乐！男主依然非常治愈 祢豆子非常可爱！一部在单位摸鱼的动漫很爽 所谓的“全集中常中”应该就是指的三次元的“时刻收腹”hhh	0
Emily	漫画还行的，更少年感。动画就加了太多没必要的儿童情节。只有个别几集能拉出来看看	4
幸运+++	主角有点太热血太正能量了，感觉更喜欢他的小伙伴们。	0
Q·ian·Sivan	「不會一直晴空萬里, 也不會一直大雪紛飛.」「我對你的臉沒意見, 很小巧, 還很白皙, 我覺得很好看.(嚴肅臉)」	0
送小孩	高潮应该都在1、2季，我个人觉得漫画后期的剧情有点"死神"化了	1
克里斯托福	靠大篇幅的对白和内心戏介绍设定，已经很久没看到这么笨拙的开篇了。两星给ed画面，可以期待一下后续。（后续剧情依然打不起精神，男主喋喋不休的台词让人难受，再精良的制作也拯救不了。）	2
L'AmourPerdu	对生或者生前羁绊的执念而化为鬼，这种执念越强，化为鬼之后的力量也越强。主角每次的讨伐之后，就像高僧对阴魂的送葬，感受他们执念安息他们的灵魂。是世上无恶鬼只有好人，这样的单纯善恶观。动画化之后，比简单粗犷的打斗漫画好得不要太多。	1
二ノ猫EinLewi	前13话真的啰嗦到爆。反派和主角飘飘头发干瞪眼明显不能算什么“角色塑造”。都9102了还用这么“古朴”的叙事风格居然能熬到这口碑，也是多亏了Ufotable在美术风格和战斗高潮方面的功底了。可以说这片是《Fate》成功基础上做的剧情换皮。前期给主角一个无法回头的动力，缩短了修炼部分的篇幅。但也不乏见缝插针能拖就拖，10分钟能结束的战斗绝对要做满2话，两三句可以概括的角色人设一定要让他讲满10句（最典型：愈史郎、我妻善逸），这些平面打磨不见得比《火影》的肋役高明到哪去。过了2个月基本把这个IP的存在给忘了，留下的就是见到炭治郎那张脸觉得很圣母甚至无个性...果然所谓的“现象级”也不过是作画带起的昙花一现，竞标FATE级的长尾还是差点儿意思了。	7
233ngrn	看了三集受不了 动画的剧作功力太差了 节奏奇怪的很	15
无逸 delsino	热血加卖萌，制作用心，传说中的第19话的确在整部剧中拔群，但看了几部少年漫后，更加喜欢汤浅的兽爪了。更喜欢精神的成长…	1
`DO DO`	剧情王道套路，但有种，没搔到痒处的感觉。大爆点26集也只有一个，亲情羁绊描写也不是特别戳。制作上确实没有什么可指摘的。	4
话终	前期真的慢热，我tm都快看睡着，还想着19年怎么这部剧就大火？后面作者提速之后，是真滴好看。这也能理解这部差点被腰斩，剧情不加速，妥妥被集英社抛弃。	1
KEIOのKAME	设定、画风、动画技术和音乐都很不错，尤其传说中的第19话，的确赏心悦目，但技术的进步并没有像蜘蛛宇宙那样带来艺术成就，一季看下来，完全就是一个徒有其表的稚嫩作品，角色、剧本都极其空洞无物，叙事拖沓混乱无节奏，很难相信这就是这一代王道少年漫的扛鼎之作了，而且豆瓣达到了9.1，拜托巨人s1也才9.0啊，这作跟还远不如我几岁时看的铠传，多扣一颗星拉拉分。	4
斯齊佐飛力尼克	慕名而来，倒是挺精致的，看了8集，似乎又是过关打怪的情节，而且内心戏太多，动漫似乎都不是我的菜。	2
半弦月	蜘蛛丝那两集相比圣斗士北欧竖琴明显力量感不够，可能是星矢的形变和负伤程度不同吧。故事简化突出人物，突出优点是恐怖氛围和造型特别好，还有我喜欢的重力颠倒屋。一部分的傻呵呵喜剧也是为了收视率吧，黄发少年的表情设计太丰富了。音乐差、节奏偶尔会崩，后半段明显强于前面	5
kyle1111	为何会被吹爆？明明一般。19集确实燃，打斗场面别致；但整体剧情简单，呈现效果不如漫画；善逸和猪头太烦了，占了三分之一无用剧情；本动漫向我们强调了呼吸的重要性，如同潜水全靠呼吸控制浮力	8
KinG羽	世界观和剧情都太普通，除了动作戏设计不错，看不到太多过人之处，王道也不是每集都打打杀杀就王道了。另外，那些鬼都画的太丑太恶心，能欣赏得来也是不易。	4
玥玲	完结撒花！业内良心！制作的真好。	0
周与边	好庸俗的设定和桥段	3
枯藤和老虎	没有传说中那么惊艳啊	0
HeavenDuke	美术非常优秀，但是剧情的密度还是不够，很多集都有种五分钟就能讲完非要拖二十四分钟的感觉。	4
小祝	好看啊好看，片头曲太棒了啊。这么好的漫画，干嘛不继续出TV版呢？看到最后一集好舍不得，因为没有更新了。。。	2
钳钳钳子	这个能9.1分？？？音乐和动画分镜都很好，非常好，但这低龄化、肤浅又松散的剧本实在是不敢恭维......豆瓣上现在都是中学生？？现在的中学生觉得这是神作？？也太可怜了🥺	9
道臣岚	你来做我的家人吧	0
Mitsuo	橘子CM版  年轻人看的 我就不凑热闹了 。	0
穆如初	也太温柔了 我沉醉了	0
孤岛	以为是热血番其实是沙雕番，捕捉三只小可爱。	0
Tizzy Bac	离神作总是关键时刻差一口气	2
Apate	很低龄化，比超英、灵能、寄生兽差的不是一点。	4
フ。	没有任何前兆的招式名称是哪能回事 没看过漫画光看动画还好蛮好看的（制作加分那种 善逸可爱	3
囧奔的熊猫	炭治郎行霹雳手段，怀慈悲心肠，就算是恶鬼也有温柔的回忆。鳞泷的弟子都是天使，每个孩子都是天使啊！野猪可爱死了！	1
瞳	节奏慢 主角光环严重 故事煽情太硬	7
410在玩游戏	音乐和作画都非常出色，但无处不在的废话把一切都毁了	4
犽	原来给3星，现在改成2星。原作者到底是多渴望温柔啊，杀人犯的回忆真的有必要吗，开挂倒是没什么，19话封神的是没看过好的啊，可怜的孩子们被现在商业化越来越严重的新番毒害了	7
决明	已经过了看少年漫的年龄了，但是站在少年漫应有的受众角度来看还是一部优秀的作品。基本架构跟火影非常相似，有亲情友情师徒情团队合作吵吵闹闹由卖炭翁炭治郎组建的红黄蓝三剑客，有和bleach死神一样酷炫的刀技和正反小分番队长，有进击的巨人和地球便当少年一样残酷的生存环境与血腥反击。糅杂了所有中二少年喜欢的鸡汤和主角团队成长的热血。还有战斗力爆表的吉祥物弥豆子。它如果是横空出世的第一部一定会封神，但作为后起之秀却弥留了套路之感。	1
墨梓	动画化的质量好棒，但一季只有24集真的太难等（于是已经追完漫画	1
格子June	！！！感動熱血勵志！！！好看！！！！！！！！！！	1
Tues.	我妻善逸真的厉害，我是他的粉丝！支持他和祢豆子这一对！
19集真的爆炸，那些一两星的看完再说，我吹爆鬼灭之刃！
22集正式介绍鬼杀队九柱，到最后结尾有点难受，你让妹妹卖完萌再来ed不行吗？
先恭喜鬼灭评分升至9.0，同时喷子们可以去看看漫画，九柱的性格就是这样，说强行洗白的，回去看看漫画吧	1
納蘭尐柒	难道是我年纪大了？欣赏不来日漫了，为啥总觉得有些尴尬违和，剧情也不够顺畅，人物形象、人设、对白也非常的浮躁夸张给人感觉用力过猛，只有特效说的过去？还有很多熟悉的声优哈。只有19集还好~ 另外，还感觉动漫中透露出来的浓浓的大男子主义和等级阶级立场。	7
Wallys	因為兄妹情深核心的燃（萌）而難得被justify的聖父主角（憐屋及烏）。十九話會讓瞧不起低齡向刻板角色（明明低齡向但是角色也獵奇化⋯⋯比如雷隊友和「豬」隊友）心腸冷硬的觀眾落淚：溫柔一刀，水調割頭，兄妹齊心，齊力斷筋。	1
L	说话太啰嗦了	14
年一	水调割头	2
江湖骗子	前半部分4星，然而后半部分过于沙雕，甚至是弱智，综合起来2星最多了	11
南烛	剧情很平庸，台词苍白无力，很难找到一句有共鸣的经典对白，一开始还以为是部关于主角成为灭鬼人很励志的热血漫，其实只是纯粹的少年漫，人物设计也不美型，画风很一般，但是场景制作倒是很精美细致	5
巧乐滋夜游	前半部分虽然剧情老套但是特效人物都很精彩 中间拖拉时间 最后一集给第二季做铺垫 综合来说虎头蛇尾	1
大东翙	觉得花江的声音不适合这个男主	3
神山樹	十分十分jump… 但是这个，我喜欢，全员天使天使都是天使！仅代表我自己说女人无论什么年纪也一直是爱少年漫画der！友情！努力！胜利！	0
夏日扬帆	标准的王道漫现在很难提起特别的兴趣了……	0
你还有没有梦想	之前追到14集停了 完结之后补完，19集一战封神，这战斗风格太美了。	0
世界晴一天	19集，你保护我，我保护你，不是卖肉，卖腐！就是纯粹的羁绊！真的不错，中国超越日本还早得很	3
南條某葉	妹妹颜值爆炸。	4
发ihsioaoibe	跟着同学看了一集，我怎么记着很差呢	0
慕奇蘭	沙雕之刃，哈哈哈哈，好看又好玩，就是太短啦。	0
施舍翅膀	一集弃，看的过程就老想笑，被剧情生硬地蠢笑。这牛蛋大的眼睛、这僵硬的卷毛曲线，轮廓线条的扎眼，到处都透露着低廉感。我要质疑亲王的审美了。。。看了眼评论区，我从来没想过子供向，低龄这些，倒是粉和黑吵得起劲，吵架和举证方式倒是低龄地可以，我是最烦这种没技术没营养撕逼的，不见。（想看：马伯庸：王道热血。	7
丨Gakki	加速版起点文的动画化，主角永远是精疲力尽爆发一口气，再精疲力尽再爆发，套路化严重，5分不能再多。	7
拉美西斯二世	这质量都能登顶，日漫已死！	3
white	一流动画制作，二流情感内核，三流故事创作水平，飞碟社把该作抬到了它的水准所配不上的高度	6
下饭菜	小麻雀很可爱(๑• . •๑)	1
Omar	故事的展开好慢，bug又太多…男主角每次靠意念坚持的时候我想翻白眼。果然是热血番…不过好久不看动漫，还是蛮有意思的。	1
孔小小	第19集太精彩了	1
维希希图	天老爷！！怎么还有这种“人VS鬼/僵尸/吸血鬼/喰种/巨人” 这种已经复制黏贴一百遍的工业流水线产品啊？？？！！！第一集劝退了……（虽然梶浦由纪的歌还是很好听，但……就已经很predictable了……）总而言之，是糅杂了大量已经流行过的元素、工业制作水平在线、但毫无新意的虚高作品。	0
戎夷先生	陆陆续续一个多月追完。确实是近年少见的热血漫佳作。第十九集火神炸裂。独特之处有三，一是以亲情而非常见的友情爱情为最主要情感动力来源，二是战斗场面，画风华丽而又和故事严密结合，还有一点烧脑智斗的意思，而非完全爆种。三是主角人物刻画，反派怂包下贱不卖魅力，主角团搞笑脱线亦庄亦谐。但主题还是太俗套浅显了，手法上煽情、逆转、反差萌等也是公式化严重。配角人设脸谱化。制作上也有瑕疵，第十三集尤其明显，节奏过于拖沓，甚至镜头重复。与漫画比，猪踢善逸那段，为了塑造善逸，把猪和男主都写崩了。整体拖沓注水严重。跟早期火影，猎人，巨人等比，只是一部勤勤恳恳，中规中矩的合格佳作，但在废萌当道的今天就显得出挑了。此外，近年来丧、黑暗的动漫多起来了，跟电视剧、商业电影领域的趋势一致，值得注意。	1
阿V	最后一集画质真的绝了，全都给我全屏！！！	1
王小亚	没感觉很优秀啊....非常普通不过不失也不特别把。这类动画片不是大把大把的吗。赞同评论里的低配版死神。	2
雲豆子散步	多罗罗崩了之后的周指活担当。	0
醉桃	EP1-4：呵呵= =都9102了居然还有那么王道无趣的展开，niliJUMP药丸，哼！
EP5-7：什么食人鬼，不就是东洋吸血鬼么？这个剧情展开只能说中规中矩啦，不过好像男主角个性有点爽朗可爱，再看下。
EP8-10：（目前为止看是）大BOSS是汤姆里德尔的日本亲戚么？食人鬼的武力值设定好有趣啊！神仙天使兄妹股我买了！啊~有点真香预兆……
EP11-20：啊啊啊啊啊啊！真香真香！！天呐！这个设定和展开太可了我！看动漫那么多年第一次在燃系王道里感觉到了真正的治愈和兄妹爱！啊啊啊！男主角什么长男小天使，你和小排球有什么关系！作者大人我给你寄膝盖好不好，炖汤很补身的！
EP21-26：女装大佬boss究极中二确认，义炭CP锁死钥匙我融了。男主你家不是烧炭的么？赶快把这个CP烧起来鸭！	1
小心和小欣	补番。第一季看完。应该不会再跟了，画风还是偏低幼了，不太适合我这样的“老人”了…华丽倒是挺华丽的，但是没有实质的感情，情节太简化了，主人公的成长有些简单，玩玩闹闹就变厉害了…对有些动漫里无论正派还是反派，都有这么严格的等级，动不动就跪下的设定实在喜欢不起来。。。喜欢跪着的少年漫还热血个鬼啊？？？硬起来啊少年！	4
兔试了下江湖骗子	靠美型人物和好看的特效撑着。人物能力设定有点散，基本是什么会流行，就加上什么元素(嗅觉听觉感觉视觉和雷水之类的，嗷对，还有死线，cos月世界？另外主角怎么突然就是水系绝招了呢？)。剧情的组织有点迷，突然就加入考鬼杀队的训练了，突然就遇到了大boss了，给我 都很突然 的感觉，情节间没有很强的联系。剧情的节奏也，故意拖了，拖到大家都发现了	11
ladbat	太美好纯粹的兄妹情了	0
喜上眉梢邪王子	制作精良的平庸之作	1
碧花生	咋咋呼呼，强拗人设。	0
简草	19集爆炸啊	0
SkyWY	这么平庸空洞的剧情用了这么高水准的制作…… 光看动漫剧情，打五分的人认真的？起码这一季真的太不可以了	8
替身使者张阿谁	慢热 20集后柱出场开始变精彩 缺点很明显 优点也很多 期待剧场版和第二季	1
勾陈	三集弃。又是遇到师父-训练-参加选拔比赛的套路，又是无口女仆型美少女，而且有些情节很幼稚，可能我真的是老了（哭）	1
蟲蟲	这个分是不是偏高了？很普通的一个漫 看完jojo顺带看了一下 一切都不太高 b站会员到期了看了几集没有想看下去的欲望了	7
予渊	故事框架是普通热血，内里却非常能体现作者的风格和意志。很漂亮的作品。	1
紫苏バジル	with ひろあき 搞笑有之，治愈有之，热血有之，可是并没有哪个方面特别出色。	0
小烨	第19集的BGM就值5颗星。	0
Derp McDerp	真好看	1
Cosmos42	名副其实的好看！推荐～	0
Samantha	这部片的分数真的让我怀疑，跟大家看的是一部动画么？以及，明明妹妹第一集就变成了鬼，后面突然又说只有一个人可以把人变成鬼，一脸懵逼的我。。。还要自己去搜才知道原来是他的血都可以，所以连这种基本设定都不讲清楚的动画，真的可以吗？剧情转折莫名其妙不说，为什么搞笑的部分也那么生硬，完全笑不出来orz	5
白牙尖	在日本哪都能听到主题曲让我对这部作品提起了兴趣。前半部设定挺精彩，但到蜘蛛山和蝴蝶屋里疗养的剧情那里都是无聊到2倍速快进才能看完，不错但是觉有负期待。	0
Sigma von Zeta	awsl 中间经历几集烦得要死的无厘头 19集简直吹爆 蜘蛛山一段真的好看	0
Avalon	真是搞笑又温馨啊！好正能量啊！	0
王呆呆	猪突猛进！猪突猛进！	1
wise爱喵咪	都说19集封神，我最感动的是主公庭院那集。黄毛小子太吵了。期望值太高，反而觉得还好。	0
7488ahaha	大正时代真是一个梦幻般的时代，当年鲁迅先生应该也是这时去的日本吧	1
永恒的天瓶水	是因为同类型的看过太多，所以非常麻麻吗？内心独白太多实在是累赘啊。	0
小酷豆	期待后续，	0
kkk	一天刷完，是看得挺爽的。但是还是不能完全理解为什么这部动漫在日本能火成那样。	0
北国星尘	废话多，尴尬多。	7
葵依	一流画面拖着三流剧情在往前走。黄毛和猪头出现后的集里只要这俩人开始怪叫 我就开始快进	4
physixfan	这设定太平庸了..	4
反眼失敗松果體	中規中矩的戰鬥番。倆配角很煩，女角也沒吸引到我。反而很喜歡鼓佬和蜘蛛仔。畫面好好看！聲優太成熟了反而少了生澀感。會繼續看下去求真相。	1
sure兔不属兔	的确是部慢慢推进的典型王道作品，画风人设非常的华丽，打斗极流畅。	0
MIKI	我觉得网上把鬼灭说得太神了，好看是好看但绝没有9分那么夸张。但作为近年的作品它的爆红，只能说它太走运了而已。	3
人鬼无间	第19集：不是给动画配音乐，而是给音乐配动画。	1
上古西瓜	过誉了，画面题材都还不错，但不至于这么优秀。另外人物塑造有点用力过猛。	4
说了我是黑无常	怪不得19集才爆，19集真的很好看，前面节奏那么差也是真的很难看。猪挺可爱的。大关太太太太太有格调太好听了，偏偏是配没有格调的无惨。	0
人类学科研究员	很好的得到了感情宣泄，接下去就是十月的无限列车了，想马上直接看漫画！	0
西凉虫	除了画面精美，其他都很平庸啊。。	1
ダメ人間	要是每个番都有这种制作水平，我破站大会员不可能停。风格、配乐、战斗分镜、3d空间，元素之间的结合效果大放异彩。相比之下剧情是弱了些，前期也有过度卖萌的问题，但还是瑕不掩瑜啊！第二季也请武运昌隆呢～	0
瑞思勒之墓	打就完了，训练营那剧情有点没眼看	0
乌苏拉	实在是太好看了！！！下一季见！！！	0
兔子大饼干	妹妹最可爱了	0
暮玦明	前期基本被我当搞笑番，每次男主内心解说和自白的声音过于聒噪但还坚持不懈地解说都让我失笑不已。动画节奏也不太舒服，但制作实在精良还是看了下来。到蜘蛛山部分开始变得好看了，到9柱出场瞬间炸裂了。出于某些私心的好奇去看了漫画，结果出大事了：漫画比动画更好看啊！一周之内追平漫画后陷入了对柱们命运无止境的忧心忡忡qwq 再回来看动画就变得加倍可爱。26话杀伤力过大，而且危险在余音绕梁。我发现自己终于可以用老母亲般的眼光看着主角三人，只希望他们能健康成长（。	1
Sugar	善逸的出场，每一分钟，都！在！劝！退！我！但我还是坚持着看完了，火之呼吸和弥豆子的血鬼术确实酷炫，但善逸依然在劝退我	1
Evil freedom	剧情进展慢，各种回忆真的跟火影很像。男主耳朵上的两个U盘挺特色的，大BOSS像MJ，金毛大号上线的时候超帅	3
kakakarl	因为电影版不断破票房记录才开始补番，设定还挺有意思的。	0
望仔减肥失败了	好喜欢妹妹啊～想写富冈义勇X胡蝶忍的同人，虽然直觉上我觉得这俩应该都不会活到最后…第十九话动作戏比漫画看起来带感了十倍有余，直到最后一话依然狂拽酷炫满脸写着有钱。弥豆子超绝可爱！	0
Mathematicα	题材上，看过 魔性之线 和 悠久持有者，感觉并无太大新意，剧情展开也一般，但是，动画效果真心棒，有美式动画的流畅全景动作，但又满满的浮世绘风格。蜘蛛鬼借鉴犬夜叉。下弦集会的奇异空间借鉴剑风传奇-最早来源于艾舍尔的空间	2
沐臻	画面：五颗星                                            音乐：五颗星                                            剧情：三颗星（及格）                                       人物塑造：四颗星                                            寓意深度：三颗半星                                       综合：4.1颗星/8.2分	2
小鬼Bono	血抬漫画，观念当代化的犬夜叉，人设方面做得更讨观众胃口，但格局、大设定方面看得出开始得很草率，有多重借鉴的嫌疑，前期情节也非常扁平。胜在动画的制作水平真的太顶了。	1
redhousepainter	把漫画追了一下，其实就是一个和死神差不多的少年漫，但单单第19话就可以引发明年剧场版预定&单行本销量超过海贼王，可见传统抒情曲与影像的相辅相成永远是大杀器，从海角七号到你的名字再到今年的鬼灭之刃。	0
风中奇缘	长驱鬼魅不休战，道法自然除心魔！	0
汉姆斯特了不起	看了三集，放弃了。画面非常好，但是剧情转折之生硬、人物情绪变化之突兀、男主台词之多，太劝退了。	9
我爱罗宾	还挺好看的特别是动作戏和片头曲，反派苦大仇深的回忆可以少一点	1
福尔摩伟	如果你不知道自己想做什么，那一定是因为心里的声音太小了。	2
双月鲲鹏	中间剧情稍微拖拉，进入那田蜘蛛山篇才开始好起来，最后无限城的效果展示太好。接下来无限列车篇要做成剧场版，我倒是担心花街篇、刀村篇和决战篇该怎么办。现在UFO给HF第三章收尾，又要开工做无限列车篇，如果要做第二期动画的话，那么工期未必跟得上，漫画又即将完结，这么一来即使现在第一期bd很赚钱，也未必会有第二期动画。	1
Ston3s	因为战斗风格来了兴趣~跟武士二如出一辙的2D水墨立体风~强烈的复古风配合超广角和流畅运镜~视觉的我心~配乐很强~比op ed抢眼~鬼的背景设定很丰富~设定角度很棒~期待后续再展开~	0
小林鳟	妹妹、蝴蝶姐妹还有香奈乎真可爱～期待下一季柱灭之刃55555555哭辽！	0
纳兰风澈	在大陆预估要被广电扒层皮。。。	0
RS	有被cv表吓到	0
车了个干	虽然槽点也很多 但是制作太精良了 主题思想也很好	0
ナツ	19集吹爆，祢豆子世界第一可爱！日常废话没那么多的话我能给五星，黄毛和猪头的屁话太多扣一星	1
5	从一开始的原速度，到受不了叨逼叨一路开到2倍速，然后发现这动画一集2倍速看剧情水分都很大……制作是挺好，剧情……是我老了……	5
Suito	印象最深的大概是ufo常常用CG来完成一些手绘几乎不可能做到的动态镜头，简单来说这是一个懂得扬长避短的ufo，各方面都能看得到制作组的用心。	0
別にいいけど	哈哈哈其实很有早期网文的质感 不过为什么在日本这么🔥啊？	5
babynana	第5集，炭治郎步履沉重返回去找妹妹，还没能问到鬼变成人的方法，沮丧至极。	0
妄想代理7	三个八嘎 画作还蛮炫酷的  可以	0
Finnegans Wake	追完之后看了漫画的下一篇，觉得动画真的润色不少了	1
余生请多举报	过于套路化，看不到任何新意的作品，男二吵到头炸	8
陶陶四	男主真的太太太温柔了，而温柔又是那么有力量	0
梦飞扬	超级好看。好久没有这样动人得新番了，吊打一切新老旧番，海贼王真的是被它折磨🉐️连打开的勇气都没有了，其它也没有什么好番值得一看，这些年对于我来说，最好的是巨人，所以知道这部新番可以哥海贼王平起平坐得时候，就迫不及待了，果然没有让人失望，不拖沓，剧情流畅，世界设定让人接受，战斗热血，主角讨喜，最后的女主也好可爱，在一起吧，两个配角不是很讨喜，一个中二太厉害，有时候中二得让人讨厌，一个差点杀人，喜欢妹妹，让她赶紧开口说话吧，喜欢主角温柔，聪明，但愿如巨人一样一直好看下去	0
蓝色波丽露	画风和设定都好带感，好久没看古装的动漫了！19集的BGM简直满分，画面也是燃到爆炸！	0
苏	吃了豆瓣公众号的安利，这部所谓2019神番……不吹还好，吹上天了让我看这么一个东西，落差挺大的。还有拿来跟火影比的……这番优于火影的点寥寥无几。火影固然水剧情，而鬼灭甚至连战斗都水。放在几年前或许足够显眼，放在今天只是平庸之作。	4
JOJO	挺好看的 妹妹很可爱	0
一块小炒肉.	低龄 墨迹 如坐针毡 白瞎这画面了	10
kiki204629	热血漫画。	0
翟墨子	25 26要会员	0
这货是牛奶	史上OS最多主人公 多到可以闭眼直接听广播剧。。。	0
C^V^酱	等剧场等二季	0
洛风城	设定的说明不足、主角的成长过快以及羁绊的无厘头出现是这部片子的三大硬伤。虽说如今的番剧质量直线下降，但是制作的好坏从来都不是评价的关键因素。	5
WilliamOsborne	鬼的自白加戏偏多，可适当删去，毕竟对后文没有影响。柱们一登场每个人的人物性格都要过好几遍，其实可以给暂时酱油的柱们留白。丰富的心理活动不说了，现在的日漫流行趋势。总体走势还是不错的，只是希望作品能更好的拿捏把控，上述种种都有凑时长的注水之嫌。	4
薛洋	因为善良，所以强大	1
记住豆瓣不值得	四星半。虽然我已经过了看嘴炮少年热血漫的年龄，沙雕番也很少看，尽管这个动画有着很重的套路（比如死亡回放设定），但这动画音乐和画面，还有整体，就是真的大写的，一笔一划的，【扎实】和【精良】。看完和17集和19集，特别是19集封神一刀，这个画面极其好看，那样激斗的画面，配着那样空灵的音乐，字幕大画面一出来，内心就四个字：都给我吹。不要因为痛苦就选择容易的那一方。	1
bear.07	所有女性角色都喜欢！！为什么做到这么尴尬的地方结束，难受。黄毛有点吵。	0
qirishufu	可能确实上岁数了，原作配不上这么好的制作。当年的经典们赶上这种水准制作多好	5
火星下任总统	没看原作，动画前半叙事像是赶进度。
经常还没反应过来，主角就下决心了，成长了，赢了。
急匆匆地到了善逸和野猪登场，又突然出现大篇幅的抱怨和挑衅以及无聊的笑话。
总之一度想要弃坑。
节奏从蜘蛛山开始好转，19集不愧是封神一话，可以把之前的弱智观影都一笔勾销，只为看这特效也能追下去。	5
非__想	三星半，效果比漫画好很多。大正时代背景，杀鬼题材热血漫，主题一如既往还是羁绊。	1
大白汐	确实好，但你们吹的19集我觉得一般般	0
茶糖	漫画没看过，动画看起来剧情实在是太套路了，不过整体风格我还是很喜欢。制作优秀配乐优秀，本来想再加一星，但觉得整体就是三星的水平不能再多了。以及，我真是太吃梶浦由记了！	2
木耳琦琦	尬笑与鸡汤	6
婴儿葛葛	温柔的力量，在热血少年番里蛮少见的。这就是人物创新带来的价值吧。	0
ArtShadow㍿	所以什么时候出第二季？	0
hcq	看了一集，没特别想看	2
雁落孤山	好久没看番笑出声了，虽然各有悲惨遭遇但主角团凑在一起的沙雕以及各种颜艺真是好好笑啊哈哈哈哈哈！大家都太可爱了！也很感谢各位cv大佬的献声！真是有钱人做番啊。	0
夏·羽绒毛线团	很好的番，推荐。时间设定在火车刚出现的年代，悲情的故事里又强行埋进了搞笑的段子有些违和感，这两点我都不喜欢，想给四星，但是男主是个有脑子、暖暖的完美人设，给四星又觉着对不起炭治郎啊。
顺便吹爆第19集，珍惜身边人，尤其是自己的每一位亲人！	0
碾	各方面都很棒，2019年最好看的番之一。	1
Vulpecula.h	热血番又回来了！火影之后终于有类似的热血到泪目的番 又热血又沙雕还不时温馨下 配乐画面都属上乘  和风美到极致	0
二肉	四星改五星 啥也别说了 我妻太可爱了！！！！！！	1
麒麟	挺热血的	0
Whysu早点睡	别说画面了，连音乐都是美的！善逸不犯怂简直晋升到全片最帅，鬼舞辻無慘也太像谢强了吧…	0
貓頭一	商业制作方面可以说成功到成为了一个现象级	3
：)：	超好看！不愧是新四台柱！	0
武獠	故事设定不新鲜了，节奏总是慢的一逼，开头每次到黄毛的部分都拖拉，猪头套的莫名的一惊一乍看的很累，里面的作者自认为的笑点也一点都不好笑，已经开始怀疑这个作者到底懂不懂人与人交流的那些东西呢，如果不是有飞碟社的精良制作撑住，这动画真的好一般哦	5
flyinbed	热血沙雕剧，还蛮好看的。	0
oh la la	完美继承少年jump热血番精髓，并做到出神入化。炭治郎人设完美到不能再完美，世上所有正能量都集与他一身。感觉作者是女性要不感情戏内心戏咋如此细腻。比起我《海贼王》差在世界观好在故事没多复杂。六一再回漫友时代吧，可惜不是当年了	0
熬夜真的很不好	这是个……养鬼训练番吗？故事挺好，就是os太多了，中间的替身攻击梗挺有趣	0
式	画面没得说，经费充足，打斗炫酷，但是人物都顶着同一张脸且又矮又丑，剧情没有任何能吸引人的地方	9
kulome	矮子里面拔将军	5
嘎剑生	日常沙雕些就罢了，实在看不惯在杀鬼的时候那么沙雕，太毁气氛了。	3
粗眉毛的甘乐	男主的长男气质还是挺有魅力的，祢豆子超级可爱。制作太棒（拇指）。	1
Clairvoyant	成长故事并不是那么抓人，倒是反派鬼怪的设定和塑造充满张力和吸引力。	0
_王帅傅	巨人银魂痕迹略明显，制作经费是真的多……	0
leafalone	非常工整、有趣，教科书般的少漫，怪不得是Jump现在的三巨头。动画版制作真是过分精良，比岛还强一点，看着过分舒适，当然也略有拖沓，26集过后感觉故事才刚刚开始。期待第二季。	0
い银蛊	第一季完结撒花	0
WSi	设定虽然普通但剧情节奏行云流水，主角圣母但不矫情我很欣赏。	0
不懈不戒	可能类比有些牵强，鬼灭和当初的《诛仙》给我感觉很像，都是灭门惨始，但并不靠「仇」驱动，而是以「情」动人，让主角用他天使般的爱意和温柔一路消解鬼的戾气，于传统王道之路上走得很温馨感人。	0
亦川君	我永远爱炭治郎！！！！温柔可爱活泼强大努力上进炭治郎！！！！！里面打斗戏制作也很精细！！！尤其是炭治郎的水之呼吸的浮世绘水花！！！！红莲华也超级好听！！！！！！可以说算热血漫里面制作很精良了！！！诶期待剧场版感觉应该神仙打架！！！！	1
郭七七	非常好的作品。但这些男孩子说话都用吼的，感觉非常吵，作为武人说话这么大声，会耗气啊。祝他们功进大成吧。	0
st0114	画面给一星，没了。	5
蔚蓝Cassie.	动画其实文戏有时候也有点怪，脚本的问题(比如心理描写有点生硬，没有好好利用画面演出更自然的表现出来，虽然这是漫画就有的毛病x)，已经比之前的ufo已经好很多了，阿桌以后就应该多接原作能打的漫改。jump漫改剧情没什么多说的，和风不错，配角声优过于豪华了，声控大赞ww。	0
七姐Claudia	如果我没看过火影忍者，可能会喜欢，但也不会太喜欢，因为这个内心戏实在太长太婆婆妈妈。整个设定非常naruto，忍不住边看边对比，画面比起naruto那是好得多，但是技术弥补不了故事的缺陷。	0
Kannimeia	画面真的非常美，但是剧情有时候实在是不太吸引人，对这部作品期待还是挺高的，一看就是非常有诚意。真的很可惜。。。要是多琢磨琢磨剧情就好了。//第十四集怎么突然变节奏了。。。。全程全靠吼，还挺搞笑。。。。。//越来越好看，尤其背景音乐真的是有用心在做	2
sunwenhao90	完结撒花	0
13yi	熱血！燃爆！祢豆子小天使！	0
萧瑟听雨轩	子供向的弱智剧情都能成爆款，哎，过了看动漫的年纪了	4
四道风	对于日漫男主的相（神）似（烦）设定，我都无力吐槽了	2
山寺桃花	里面的角色都好吵还喜欢叫 看的耳朵不适	1
秤子事故	还不错 特效太赞 剧情也挺好 希望不要烂尾	0
蛋蛋	19话真的棒。缺点是男主略圣母、黄毛烦人、柱的人设较为失望简直毫无特色。。。	1
小儿	竟然吹到了九分，开玩笑	2
劳勃·拜拉席恩	刚起步，所以还属于小打小闹的阶段，不过已经能看出制作的实力了！超期待后面的打戏！	0
花都满	真厉害 看片一刻钟熟睡一小时 长达一个月的作息紊乱愣让它治好了	5
新世纪腐淫战士	平成最后的奇迹，业界最强的福音，看动画这么多年，没有一次像看完19集一样，荡气回肠、泣不成声。真的是一部一身正气、爱恨分明、堂堂正正的好作品，值得全球如此煊赫的赞誉！	1
索尔之锤	配乐、服装和制作是最大亮点。有着王道漫一贯的拖沓弊病，有几集的插叙看的我一头黑线。在革新日本动画的3D特效这块飞碟社一直在前进，这点没得黑。就传统的王道热血漫来讲这番注入了优质玄幻文的气息，在19话20话的小BOSS战中甚至完成了一波三折中第一折，而现在很多类似的日番连波都达不到，很了不起，可惜的是第二折在水柱出现秒杀小BOSS后就夭折了。虽然靠着视觉效果和配乐成功燃起来了，但更深层次的热血没有被激发。另外不得不说的是主角无形撩妹的能力是真的强，是个妹子都能折服在他的人格魅力之下	0
瞳·莲	？这声优 未免过于优越了吧。虽然没有找到追死火海的感觉但是总体感觉真的很像死神+驱魔哈哈哈	0
衫弃	作画弥补剧情	0
极楽	妈耶一口气看完系列！情节、人物、画风、配音、打斗场面神马的都无发可说系列！
虽然我也不讨厌那些套路，但这部番还是基本跳出了热血番主角的一些套路，比如主角不是那种一到关键时刻就等着被人救的，而是会想方设法自救；不是一直只会立志，到关键时刻就软弱还得奋起一下，而是一直很拼命三郎；也不是义正词严喊打喊杀，被人说两句就被噎住动摇了，而是对鬼和人有清晰明确的态度。
被杀的鬼死前会回溯做人的往事，有点像夏目还名字的时候，不过只会让人希望无惨赶紧出来晒太阳。。。
BGM就是正宗的和风“鬼”片的味道，我方攻击大招特效华丽丽的，敌人也残忍的很利索，所以被干掉的时候感觉更是爽爽的。
就是考哥出场太少了没听够啊啊嘤嘤嘤~~
感觉起码要出四季的节奏，这一追就是5年吧。。。	0
点击即刻爆炸	我爱沙雕漫，看来要找个机会追一下银魂了？	0
NBDAY	热血是真的热血 好笑也是真的好笑 但总觉得也就是正常的水平	3
非常好的油桃	我永远臣服于沙雕	1
十八爷	真真儿爽漫	0
vyan	总觉得 jump 不太妙啊，这种水平也能称二号？	4
冰凰	吹爆	0
木子声	我永远热爱少年Jump。	0
toishiki	期待剧场版，制作得还是挺好的。	0
Lightning	不错	0
掌心化雪	动漫彻底没落了，这种动漫居然有9分。连当年的浪客剑心都比不上。剧情是硬伤，制作再精良也掩盖不住。	5
蓝谷的风儿	真的没什么好吹的。业界顶尖的绘画与配乐，掩盖不住苍白而套路的剧作，卖萌卖蠢不是人物塑造，喊喊口号不是戏剧冲突，没有一场智斗可言，原著真的还很嫩。	7
大星	um⋯⋯還行吧哈哈哈哈	0
cccj.box	泪点密集。	0
佘丘	祢豆子超萌！打斗画面很好看。	1
NGL自治国蚁王	剧情不够画面来凑	5
蕉之助	祢豆子好可爱，黄毛和野猪也很搞笑几个小伙伴凑一起有点呱噪，好吵，炭治郎话真的好多哦，但是打斗戏动作场面真的好燃啊！bravo！一口气看完太色一了（B站在线全是黑雾遮挡和删减，还是下载比较好	2
20世纪少年	可能制作组发明了全新的假钞技术可以自己印钱吧，这预算好像没有上限啊。。。。在某集字母的末尾看到了川尻善昭的名字omg。。大神好像也不是每集都有署名，感觉打了个零工。。。	0
皇施雨	杀了人还要为他找理由洗白超度，看来大多数日本人是真心没为二战杀了那么多人感到歉意呢。	9
似此星辰	没想到我竟然也有夸桌社制作带飞原作的一天，虽然文戏还是短板，突如其来的搞笑桥段反而打断情绪，但动作戏真的仿佛跟我以前看的不是一个桌，从空境到活击的优点全部集中体现出来了。点名表扬第十九集，完美的作画，完美的演出，令人感动的不只在于剧情，还在于“我看动画就是为了能看到这种东西啊”！太初心了。但感动完了我还是给扣了一星，因为剧情真的，挺平庸的，同样是王道少年漫的开局，猎人怎么就能画成那样呢？现在大家感慨JUMP没落，没有下一个能撑起大旗的作品不是没有道理的。	1
天已微亮	19集可以吹爆，剧情有时候有点拖，不过不影响整体，大制作动画，期待续集。	1
yamamaya	jump版洁版和风hellsing（东京都健全青少年保护条例真心出版业紧箍咒，现在少漫男主角都流行高情商暖男了，出点小血，打点小架就直逼惨烈了，早年脏乱差不良少年现在各种胸前红领巾更鲜亮了看得有点震惊（大关真心牛逼，这反派不亚于中田当年的阿卡多了，声音真是绝了（飞碟社许多视效做得真心太漂亮，业界良心	0
四小溪	好久没有这么吹爆一部番了，一人血书求快点出第二季。	0
醉饮狂歌	在这难熬的疫情期间最大的慰寄，好看的过分了吧！几乎完美的动画，能感受到每一个环节的staff都是真诚的想把它做好，又找回了当年追火影海贼时无所顾忌的进入那个世界的时光，无限期待剧场版，第二季官宣gkd！	0
渔余	特效是他帅	0
Lin	？	10
花轮同学	第十九集真的太好看了，第二季快出吧！	1
吉光片羽	啊其实挺难看的，jump大概是真的不行了吧这个都成为台柱了，和小英雄之间差了10个梦幻岛的距离呢	4
杨小歪	因为一只猪看的动画 猪朱真好！||好看 喜欢这个虚构的世界观。碳碳小天使 豆子awsl 喜欢义勇师兄-錆兔未亡人 啧啧啧。||被漫画党剧透一脸 鳄鱼老师下手真狠啊 仿佛看到了谏山创	0
金城五更天	人物塑造不大真实，死了全家还这么乐观是需要很强大的哲学生存理念的，目前还看不出主角是怎么做到的，太突兀了。剧情到19集开始才步入正轨，前面的剧情水分大，节奏慢。事实求是，这番不该上9.0。然而卡牌角色解锁这点还是吸引了我想看下一季。希望兄妹能看到死去的人这点是个大伏笔。	1
缚床灵团子	后期太好哭了，各种层面上都是好作品。	0
卒子今天喝了没	三星半 优缺点都非常明显。前十几话都不是说节奏慢的问题了，感觉原作者都还没想好要做什么，文本太薄，思路飘忽，连人物都磕磕绊绊。我也对这类少年热血失了兴趣，几次都准备弃番。蜘蛛山篇才算是步上正轨，虽说19话的封神一斩我也看得非常平静，但不得不承认这真是动画本身魅力释放的时刻，回忆穿插，配乐简直妙极，2D3D视效齐用，献出这场顶级的表演。去年一路追番至此的人，该是激动无比。尤其最后六话体现的质素，让我期待后来的第二季和剧场版，可以让我心甘情愿地给出四星甚至五星。	3
金属党SHINJI	一部少年漫，如果战斗够燃就已经算成功了，可把燃的打斗和细腻的感情结合好，就有登峰造极的潜力了。上一个在剧情上有这种感觉的还是犬夜叉，在音乐上有这种感觉的是EVA破，这种真的是比单纯的燃更能让人动容，颇有两人在乱世中互相扶持，绝望中生出希望的感觉。不多说，19集可以看100遍！	0
若初	质量很好很好的，只是还差了一点	0
Quanki	。。。感知到了jump的衰弱	2
文尔	动画制作水平新标杆。原创性和主题深度并不出彩的作品，动画化时把所有方面完成度拉到满拉到爆，也可以封神。人物上，铁三角个个可爱；剧情上，蜘蛛鬼一家的悬念反转好评。男主宝藏男孩，真正的亚撒西，温柔善良，勤劳质朴，坚忍顽强，聪慧勇敢，积极向上，同理心强，悲悯情怀，爽朗可爱。没错，这一路以来你都做得很好，你是能干的人！今天也是，从今以后也是。	0
Jazzy.K在那里	过渡铺垫，过渡渲染，过渡水调割头。	0
坏飞行员	杀鬼队剑士是因为经历巨大的伤痛而选择拿起剑变得强大，保护人类/杀光恶鬼。而鬼们是因为巨大伤痛后扭曲了悲伤，选择悲伤得更彻底……	1
Frank	真的很好的一部番后来展开也很宏大，但是太精良了像个优等生不像one老师的作品虽然很怪但是一眼就爱上	0
ななせまる	好久没看过这么好看的动画了。	3
Rembrandt	这种题材搞什么抒情散文诗，使得经典(套路)的开场所承载的信息量少得可怜，开画便大段内心独白并不能迅速立起角色的人设，反而显得大家都很矫情。鉴于制作班底不错+jump人气作会持续观望，期待后期打脸。	1
阿猫喜欢吃苹果	我觉得可以，热血动漫	0
peipakoa	没有特别好看，但是小学生很喜欢的啊，那就多一颗星😁（我果然还是适合看《七龙珠》这种古早动漫。。。火神那段BGM蛮好听的	0
花岛仙藏	好可爱！😩-善逸😤伊之助！鱼糕权八郎也太萌了	1
__冷雨''	是王道！	1
乍暖	两星半。制作很精良，但这种故事就能交口称赞，让人感受到日本新番创造力的枯竭。	0
MISAKI	弃 画风不错制作精良给两分  之前尸鬼看的人实在倒胃口  夜行番茄吸血鬼系列到此为止啦  再不想看同类题材	7
呼吸的痛	看到20集已经没有看下去的欲望了，世界观太小了，故事没法展开。本想给4星，但这番确实还没到推荐给别人的高度。形式大于内容，画面和音乐做得不错，内容就差得有点多了，跟火影、钢炼不是一个level的。单线条叙事；不停地打怪，审美疲劳；人物太吵了，没啥深度。2019年度前三的排名略失望😞	1
שדון	爱哭的人并不意味着他弱 而是因为他天真的以为可以用失去眼泪去代替失去的东西  当他再没有可以失去的东西了  他也就不哭了	0
三刀小伙子	19集燃起来了  动作音乐都很棒 声优真的强大	2
恭喜部队	内容实在是很套路，但是画面制作实在是太精良了，加一星。剧情模式简直就是为游戏量身打造的，有属性，有技能，能打连招，能打音游，有QTE，有任务向导。工作后看这些感觉还有点职场戏：人鬼两大公司搞竞赛，鬼杀队目标明确，组织结构庞杂，盲目扩招；十二月目标不明确，人员精简干练，暴力裁员。开会的场面像极了自己的经历	1
原味豚骨拉面🍜	19跟26画风美炸了。难得不后宫不作妖认认真真善良的男主角，这年头不多了。巨反感无惨，深井冰毫无魅力的大反派。	1
yvonne	分数真的是虚高，制作画面配乐声优真的非常棒，然而剧情也真的是硬伤，不断堆积流行受欢迎的元素，讲的什么羁绊一点都不感人。制作可以吹爆，剧情就算了好吧。	2
纳瓦尔尼	差点十几集就弃了，但无聊的下午和20集的爆发有看起来了。立志篇出新手村，无限列车可看。	0
倒带	禁足期最佳番剧，虽然前两集很难熬，但中间过后高潮迭起，无论画风、制作、声优、配乐堪称完美，而且最绝的是，上一秒感动，下一秒立刻笑翻，很难以一种风格或者时代来定义，真走过看过不能错过。太喜欢蝴蝶谷和我妻善役了，想去日本买周边！
真的，与其刷太多负能量爆表的消息，不如好好看一部让自己极度快乐的番。	1
恋恋白哉	第19集结尾超级燃 炭治郎好温柔 妹妹萌萌哒 不过离紫罗兰花园 进击的巨人 猎人等等 那些神作还是有距离	1
zzhong	真的期待接下来的剧情，看来要去看漫画了	2
金曲評審團主席	少年漫的世界就是什么都很简单	0
さとる	制作十星，故事一星，中间有几集难看得想哭。有几个配角的存在简直可以说是尴尬，但毕竟时代不同了，现在的年经人可能好这口吧。	1
雪走	前面略拖沓，后面加快一点会更好。满分	1
夏祭り	好看到我已经追漫画了	2
金闪闪	我求求你別把心裡描寫說出來好不好	9
蔡小马	这几年的日漫都太儿戏了，小英雄和这个，完全没法入戏。	4
聖	制作的太有美感了吧，画风的演变真的是无止境的，我见过的和3D结合的最好的番了	1
♬暮光♪	制作很用心，首先他的画面非常独特，很鲜艳又很和谐，加上十分硬朗的线条张力十足，再者他的打斗特效十分nb，各种浮世绘风格，最重要的是经费十分高。作品本身来说，他的剧情前期节奏很怪，但是越往后越稳定越出彩，作者太喜欢大量心理描写，但往后会有改善，世界观设定不算出彩，但很稳定，第19话制作组真的从节奏到运镜一气呵成甚至超越了漫画。配乐也十分出彩。	0
岛马	飞碟社作画一如既往的通透精致，丝滑连贯的特效戏、老亚萨西的温柔坚强全都敌不过沙雕可爱搞笑，人设才是这部王道漫的畅销之源，果然可爱即正义。	0
蝉时雨	还可以，没有特别想追下去的动力。祢豆子超级萌。	2
哥谭花匠safina	26话结束之际，故事刚刚展开	0
Cage	确实，我和许多观众一样，一度觉得鬼灭之刃虽然声优阵容强大，飞碟社制作精良，人设精美，音乐超神，但碍于情节套路化，设定不够新颖，估计会是部中规中矩的作品。但是自从全网吹爆的19集以后，柱的登场以及战力系统的逐渐清晰开始让我逐渐迷上了它，主角团个性鲜明，剧情有笑有泪，主流元素十足，无限列车篇的铺陈吊足了胃口。没看过漫画，但它无疑成了我准备出一集追一集的作品	2
苏麻离青	现在看动画真的已经没有小时候的那种心境了，TV版的动画永远觉得内容是这么中二，许许多多嘴遁废话直接都跳过，如果以前肯定都看到底了。设定有点像《Bleach》，人物的各种设定又觉得都是似曾相识，更觉得无趣了。	1
michi	声优阵容逆天，是个好看的故事但没想到节奏这么慢，一个蜘蛛精就讲了半季，我觉得19集后的发展才有点意思，看这速度漫画可能会连载好几年？	0
No one	剧情实际上不吸引人，动画质量却还不错	5
柚木烟	是渐入佳境的作品，祢豆子太可爱了！！！	0
哆啦Z梦	制作的很好，就是花牌耳饰上的阳光时有时无让我这个强迫症很难受，可能一代人有一代人的热血动画吧，我看很多人说死神，但是我当年看死神的时候想到的是浪客剑心，新撰组这种类似设定的漫画其实很多，男主角几乎没有闭嘴的时候，台词实在太多了，而且特别白，听的头大，和唐僧有一拼，另外两个配角也特别聒噪，剧情设置还是老几样，大BOSS和十二弦还有柱都太走马观花了，反倒觉得前面营造的高深氛围泄了气，梶浦由记是亮点，剧场版还是会看的	0
保护我方小橘猫	祢豆子太可爱了，太喜欢猪猪了hhhhh不过从小到大第一次反感一个动漫人物.....就是黄毛	1
麻仓奇牙	制作精良，越往后越好看，渐入佳境，炭炭好暖，妳豆子好可爱，角色之间亲情的羁绊很打动人心，有感动有搞笑，19话的插入曲也是绝了。唯一想吐槽的是战斗时内心戏解说也太多了。综合起来绝对算得上一部优秀的热血少年动漫，期待第二季！	1
在池袋碰面	说实话剧情和人物真的一般得不能再一般了 就是热血漫套路换个壳子 一直回忆回忆完就力量暴增一刀斩 这这这不是战斗番？？打斗一个动作就结束？？善逸挥刀挥一整集✋还有为啥一定要给鬼超度 每个都要超度 我不知道漫画是不是也这样 动画做的实在太突兀了 感情渲染用力过度让人感觉没有必要 但是飞碟社的特效我是真的瑞斯拜👍🏻特效做的太好看了 还有伊之助和炭治郎battle那段做的特别流畅 分镜到位 非常好看 配乐很阴间也很🉑️ 总体上制作优于剧情 感觉有点低龄化 不怎么适合年纪大（）的人看	2
有咕米	整体制作精良，第19话超棒。其他就……JUMP吧……期待剧场版。	0
幻风	到后半截开始好看起来了，一个普通的灭鬼游戏，但看起来对鬼的设定还蛮特别的。	0
K	霸权！	0
Outyouhead	动画比漫画强太多，这漫画能火起来真是亏的动画推波助澜，漫画这画工看得我尴尬癌要范了，还好动画强势挽回。	0
航向极地的冰山	动不动就是si全家，整个设定真的非常魂类游戏，套路上来说老二次元看一点也不新鲜了，但此番出的非常及时，一片轻小说背景下太久没有这样和当年巨人一般现象级刷屏的动漫了，情节紧凑不含糊，单纯的努力单纯的鸡血，简单的很纯粹。	3
Riobluemoon	基本就没什么冷场，一战连着一战，扎实的画法加上热血的剧情，谁说传统少年漫画就没市场了啊？？除了主角光环亮了点，升级快了点，其他算霸权作绝对没问题！不多废话就是干啊！！！	0
五彩糯米饼	叙事手法太单一了且老套了，往后就是疲劳了，三星全给飞碟社的制作	2
渲染離別	雖然劇情有點拖，不過打鬥畫面很好看	0
just L	剧情人设有点幼稚哦 祢豆子真的乖	2
韩波 💫	低龄化的动漫，很容易猜到剧情的走向，但画风和打斗场面很不错	6
凌晨的猫	没有感受到如此高分的魅力，战斗太过简单了，许多时候赢得都十分容易，反派好不容易出现了一个十二鬼月，造型拉风，性格阴郁，童年悲催，算是被浓墨重彩地刻画了，但死得也太容易了吧，被柱秒杀，十分失望。最后一集确实好看，但好看就好看在反派大BOSS一连杀了十二鬼月中下弦的五人，五个人物刚刚出场就被杀掉了，实在华丽，也实在可惜。结尾看完让人就很想看下一季了，10柱刚刚出场还没展示技能，12鬼月中的上弦月六人完全没出现，下弦五人也要重新补全，双方还要PK，应该比第一季还要精彩，但战斗实在太简单了，砍头也实在太容易了。	2
溺水小bo	和石纪元、炎炎一样 只要有漫画 我就忍不住半途而弃 追漫画去了………不过讲真刀的浪花特效超棒！（我永远喜欢弥豆子.jpg） btw 动画第19集我吹爆！！	1
伯劳	气氛营造过于迷人	0
mandyzyx	看完补了漫画，幸好作者勤劳才能看到差不多结局，感谢就是节奏快，但世界观小，比起火影等作而言。	0
アイリス	好看。妹妹好看。挥剑的水花好看。啊啊啊打蜘蛛十二鬼月的那场战斗好燃！	2
Entrop1e	年度完美番 善待了每一个悲伤的灵魂 画面美爆	0
水麦	好久没看到三观这么正的动漫了，好喜欢主角。多加一星给没有崩的画风作画。	0
虚杜	我的妈，这真的可以和《火影》媲美了吧！	0
吃菜不吃呱	一定是我番看得少，所以并没有觉得超级好看。不过最后一集前半段真棒，空间超帅气	1
-染-	每个人都可以撸个球！！	0
扑	好久没看这种套路的少年漫了，看得很激动	0
鱳	节奏好棒啊！人设也好讨喜！🐷🐷真是又漂亮又单纯又可爱！
//主角太温柔了( •̥́ ˍ •̀ू )但蜘蛛篇太可怕了，虫恐惧症的我瑟瑟发抖
//白井俊行啊！也多亏了幽浮有钱...//等暗黑下的时间，又去看了下，心疼我猪，不知道疼的，没碰到头子跟睡子的时候，都没人给他摸头杀。唉	0
mistygreyeyes	我日！第22话莫名被富冈义勇圈了粉！外冷内热霸道师兄什么的....我可以！！我要为我老公发洪水不停歇！各位柱别嫌弃我老公！呀！！！！	1
是毛毛啊	祢豆子的配音演员也太快乐了吧，好像就片尾一句台词，每个人不是纸片，都有血有肉，善逸真的是太好笑了！但个中心酸又有谁知	0
起个响亮的名号	制作实在太好了，打斗场面可以说是艺术！看了漫画觉得并不是那么出色的故事。	0
Song³	日式诡秘和风配乐可喜欢了	3
两口两个星星	jump的新台柱就这个水平，既不能像《全职猎人》一样走深度，也不能像《海贼王》一样走剧情，更不如《JOJO》一样有趣	6
☀edison™	超鸡好看！！！	0
狂三	没有理由不给五星，必须全方面吹爆!	1
红色鲱鱼	低开高走 制作用心	0
tintin	安利给各位，看起来吧	0
泥巴	浮世绘配色，七龙珠式人物，升级打怪的框架，血浆大白腿大胸捆绑SM.      B级片三要素全部配齐。  只是心里旁白实在是多。	0
悲欢离合变速箱	卧槽第19集真的是目前封神的一集卧槽	0
特种兵王章鱼哥	2019年第一番，果然有水平	0
局外人	肉眼可见的动画制作技术提高，尤其是战斗特效场面，简单到华丽，19话封神，慢热型动画，想我这种看过《剑来》就能看出，漫画最珍贵的就是炭治郎的赤子之心，在杀伐果决和意志坚定下的良善与同情，这短短的26话也仅仅是拉开世界观序幕，非常慢热了。希望后期故事不要沦为平庸的异能智斗和嘴炮回忆杀，准备去找漫画看了。	0
沈韶君	呜呜呜妹妹也太可爱了吧，好看！只是这个人设跟火影还真是有点像诶	0
saitosaundo	打斗和画风很喜欢，碳次郎的塑造恨很古典。但里面人物脸谱化太严重。	0
耳又又	两天补完，真的看不够呀，祝各位武运昌盛！！	0
sean cheung	看少年jump的時候畫風其實有點糙，但動畫版也許電腦作畫的緣故，竟然變得很精緻，動作場面分鏡也很棒。缺點就是好幾個角色在日常時候的逗趣互動太刻意，那些戲都寫得很不好。但沒關係，可以跳過。	0
会有路	名过其实。和弟弟从疫情开始断断续续看到了十九集，彻底放弃了。看来与这部番没任何缘分。土爆了	6
不要名字行不行	第一集就高能，全番高颜值，cv阵容豪华，追定了。
看完意犹未尽，太喜欢了，啊啊啊啊啊	0
piano	只看过一集相当乏味。我只是好奇，这么热门的作品，影评却只有几百条，而且低评价的不少，那么总体评分是怎么上到9分的呢。实在没什么说的就打个五星以表喜爱之情？	0
[已注销]	这弱智漫画谁看谁傻逼	4
ComicCelia	正统少年漫。小火慢慢炖慢慢炖，慢慢发现它的爆点。（CV阵容模糊了双眼）	0
荼	制作精良，打斗场面结合3d却不显廉价。但是因为太多搞笑段子，让剧情太多慢热，最后补到五集才觉得热血起来。	0
wkyswdza	题材不错，制作的太低龄向了。剧情全靠人物内心独白开展，三个主角一个比一个吵，真的幼稚。	2
紫剑	难怪好多up主说有当年追海贼，火影的感觉，的确有那味儿。炭治郎真的是难见的温暖的小天使	0
月山行	让我想起初中时候在网吧通宵看《犬夜叉》的时光。氛围感、代入感非常强。	0
野良	2019最佳动漫	0
来自…	所以最后boss死于老伤和毒药？	1
Callenreese	噫我居然没标记？动画作画很好。故事还行，最几年已经没什么优秀的故事了算是矮子里面挑高个吧没什么太大的缺点但也没什么很大的亮点	1
脫繮的蛇肉堡	ufotable怎麼感覺⋯⋯除了畫面在進步其他完全沒有⋯⋯奇怪無比的節奏，一個少年熱血番能讓人有這麼拖沓的感覺除了當年拖沓fate的ufotable怕是沒有其他社能做到。最後一個鏡頭太讚了，日本的老式火車好有感鴨。3星基本全給幾個笑點和畫風嘻嘻嘻和水哥。	0
草帽岳飞	不愧是19年最强热血漫，战斗场面、音乐、人物刻画，无一不精良至极。我永远喜欢祢豆子！！坐等剧场版无限列车。	0
艾薇森	飞碟社nb，剧场版见	0
Freebird	1.吸血鬼?鬼?是悲剧开端.很沉重的节奏啊.2.哪里不对,恋妹情节?3.一年过去了还穿这件衣服.4.那件衣服磨烂了,终于换了件.5.这些人眼神都没神采,都是瞎子?6出任务还带上妹妹,放在家里更安全吧?任意门果实的?7.boss出现.8.德古拉伯爵.10.方向果实和手球.11.善逸还有双重人格.14.紫藤庄园.善逸胆小还很色.15.线线果实.16.终于见到精英怪.17.变化果实.19.火系.20蝴蝶.21.审判.他们也没问炭治郎关于boss的情报???26.3人康复之后又踏上任务.后面应该还有火系的故事.这部动画认真的地方在于片中插画不重复,类似的在钢炼里也有,看出制作组的诚意.热血场面有,男主还是有点惯有的执念,救人之类blabla.总体不错,8分吧 期待下季.	0
虛擬碳水膠囊	好看的口吐芬芳，漫畫版補起。	0
紫剑	难怪好多up主说有当年追海贼，火影的感觉，的确有那味儿。炭治郎真的是难见的温暖的小天使	0
月山行	让我想起初中时候在网吧通宵看《犬夜叉》的时光。氛围感、代入感非常强。	0
野良	2019最佳动漫	0
来自…	所以最后boss死于老伤和毒药？	1
Callenreese	噫我居然没标记？动画作画很好。故事还行，最几年已经没什么优秀的故事了算是矮子里面挑高个吧没什么太大的缺点但也没什么很大的亮点	1
脫繮的蛇肉堡	ufotable怎麼感覺⋯⋯除了畫面在進步其他完全沒有⋯⋯奇怪無比的節奏，一個少年熱血番能讓人有這麼拖沓的感覺除了當年拖沓fate的ufotable怕是沒有其他社能做到。最後一個鏡頭太讚了，日本的老式火車好有感鴨。3星基本全給幾個笑點和畫風嘻嘻嘻和水哥。	0
草帽岳飞	不愧是19年最强热血漫，战斗场面、音乐、人物刻画，无一不精良至极。我永远喜欢祢豆子！！坐等剧场版无限列车。	0
艾薇森	飞碟社nb，剧场版见	0
Freebird	1.吸血鬼?鬼?是悲剧开端.很沉重的节奏啊.2.哪里不对,恋妹情节?3.一年过去了还穿这件衣服.4.那件衣服磨烂了,终于换了件.5.这些人眼神都没神采,都是瞎子?6出任务还带上妹妹,放在家里更安全吧?任意门果实的?7.boss出现.8.德古拉伯爵.10.方向果实和手球.11.善逸还有双重人格.14.紫藤庄园.善逸胆小还很色.15.线线果实.16.终于见到精英怪.17.变化果实.19.火系.20蝴蝶.21.审判.他们也没问炭治郎关于boss的情报???26.3人康复之后又踏上任务.后面应该还有火系的故事.这部动画认真的地方在于片中插画不重复,类似的在钢炼里也有,看出制作组的诚意.热血场面有,男主还是有点惯有的执念,救人之类blabla.总体不错,8分吧 期待下季.	0
虛擬碳水膠囊	好看的口吐芬芳，漫畫版補起。	0
五条仁科	这个画风哟实在嗑不动😩😩😩	2
竹蜻蜓的夏天	超级好看的战斗热血动漫，大正时期年代感十足的背景，血腥版友人帐的感觉~	0
糯米团	非常非常热血 非常非常好看 画风也是相当的美丽别致 多么多么希望是个可以一直连更的番啊 目测还有很多续集 期待中	0
sineadmatsu	这个真的挺厉害的，就是过于血腥哈哈哈哈	0
恐慌中	制作确实是精良，不过本身鬼的恐怖和少年漫的热血都没有好好发挥。各种配合刀的技法和12个鬼月，这个设定未免也太像死神了吧。好好回忆一护刚进尸魂界见十三番队长和打虚圈的情节是差不多的。每次气氛渲染的不错的时候非要尬一下，更凸显了空知猩猩的水平！	0
达达尼昂	感觉好久没这么好看的热血番了，没看过漫画，很多情节瑕疵不知道是什么解释	0
常常被欺负	挑了几集看，没什么意思，都是意料之内的情节，不知道为什么那么高的分	3
南黛楚	1.3集过后，我开始沉醉于少年心的热血和坚定，还有ne tsu ko妹妹好可爱 2.鬼对人类的残忍都源于自身承受着被无视不被爱的扭曲苦痛，不是不能感同身受而是痛苦被过度放大后，残忍地对待他人。而少年除鬼记无不是一种解救。	0
严帅帅	剧情，人设还是画风，在我这里三颗星顶天了	3
烟视媚行	祢豆子可能是全世界最可爱的鬼了吧。	0
