id,name,author,content,tags
e1d2c0ecee374ba7a9741a6be5b63282,九日次韵王巩,宋代 苏轼,"
我醉欲眠君罢休，已教从事到青州。<br>鬓霜饶我三千丈，诗律输君一百筹。<br>闻道郎君闭东阁，且容老子上南楼。<br>相逢不用忙归去，明日黄花蝶也愁。
","重阳节,抒情,怀才不遇"
4f1936a4f4dd4658beb96d69f931ad37,赠郭将军,唐代 李白,"
将军少年出武威，入掌银台护紫微。<br>平明拂剑朝天去，薄暮垂鞭醉酒归。<br>爱子临风吹玉笛，美人向月舞罗衣。<br>畴昔雄豪如梦里，相逢且欲醉春晖。
","写人,将军,抒情,怀才不遇"
2852e5f896654348882f4e3688ddc170,贺新郎・酬辛幼安再用韵见寄,宋代 陈亮,"
离乱从头说。爱吾民、金缯不爱，蔓藤累葛。壮气尽消人脆好，冠盖阴山观雪。亏杀我、一星星发。涕出女吴成倒转，问鲁为齐弱何年月。丘也幸，由之瑟。 <br>斩新换出旗麾别。把当时、一椿大义，拆开收合。据地一呼吾往矣，万里摇肢动骨。这话霸、又成痴绝。天地洪炉谁扇鞲，算於中、安得长坚铁。淝水破，关东裂。
","抒情,愤懑,志气"
722e98fd80754cae8ca3b01965a6ab63,如梦令・春思,宋代 苏轼,"
手种堂前桃李，无限绿阴青子。帘外百舌儿，惊起五更春睡。居士，居士。莫忘小桥流水。
","回忆,生活"
ae9f4cadc9b7448c9faabfb392d1d9bb,题龙阳县青草湖,元代 唐珙,"
西风吹老洞庭波，一夜湘君白发多。<br>醉后不知天在水，满船清梦压星河。
","写景,叙梦,纪游"
6eeba6d9765649d5a027ab7735f1a509,端午,唐代 文秀,"
节分端午自谁言，万古传闻为屈原。<br>堪笑楚江空渺渺，不能洗得直臣冤。
","端午节,抒怀"
b6bb3891e5dd4d07a7a2989cb6d5fe85,李都尉古剑,唐代 白居易,"
古剑寒黯黯，铸来几千秋。<br>白光纳日月，紫气排斗牛。<br>有客借一观，爱之不敢求。<br>湛然玉匣中，秋水澄不流。<br>至宝有本性，精刚无与俦。<br>可使寸寸折，不能绕指柔。<br>愿快直士心，将断佞臣头。<br>不愿报小怨，夜半刺私仇。<br>劝君慎所用，无作神兵羞。
","咏物,写剑,讽喻"
61b83f72ebd14431907c98e380ba8676,河满子・湖州作寄益守冯当世,宋代 苏轼,"
见说岷峨凄怆，旋闻江汉澄清。但觉秋来归梦好，西南自有长城。东府三人最少，西山八国初平。<br>莫负花溪纵赏，何妨药市微行。试问当垆人在否，空教是处闻名。唱著子渊新曲，应须分外含情。
","感慨,历史,抒情"
86600437bb1542f39cf43a79309b74ca,秋登万山寄张五 / 九月九日岘山寄张子容,唐代 孟浩然,"
北山白云里，隐者自怡悦。<br>相望试登高，心随雁飞灭。(试 一作 始)<br>愁因薄暮起，兴是清秋发。<br>时见归村人，沙行渡头歇。<br>天边树若荠，江畔洲如月。<br>何当载酒来，共醉重阳节。
","唐诗三百首,秋天,登高,怀人"
a86ef82f94b74c9d89cd5fe907a4572f,李延年歌,两汉 李延年,"
北方有佳人，绝世而独立。<br>一顾倾人城，再顾倾人国。<br>宁不知倾城与倾国？佳人难再得。
","古诗三百首,乐府,歌咏,美人"
33ca5957e07d4e10b39be2e99dfdc90d,九日次韵王巩,宋代 苏轼,"
我醉欲眠君罢休，已教从事到青州。<br>鬓霜饶我三千丈，诗律输君一百筹。<br>闻道郎君闭东阁，且容老子上南楼。<br>相逢不用忙归去，明日黄花蝶也愁。
","重阳节,抒情,怀才不遇"
811da73ba3544cf39b9fa4c99d299115,赠郭将军,唐代 李白,"
将军少年出武威，入掌银台护紫微。<br>平明拂剑朝天去，薄暮垂鞭醉酒归。<br>爱子临风吹玉笛，美人向月舞罗衣。<br>畴昔雄豪如梦里，相逢且欲醉春晖。
","写人,将军,抒情,怀才不遇"
ac2c21a51b2b4a4ba96fb2fc3ce5e0b2,贺新郎・酬辛幼安再用韵见寄,宋代 陈亮,"
离乱从头说。爱吾民、金缯不爱，蔓藤累葛。壮气尽消人脆好，冠盖阴山观雪。亏杀我、一星星发。涕出女吴成倒转，问鲁为齐弱何年月。丘也幸，由之瑟。 <br>斩新换出旗麾别。把当时、一椿大义，拆开收合。据地一呼吾往矣，万里摇肢动骨。这话霸、又成痴绝。天地洪炉谁扇鞲，算於中、安得长坚铁。淝水破，关东裂。
","抒情,愤懑,志气"
c82fae24cc974761a7ae468946233346,如梦令・春思,宋代 苏轼,"
手种堂前桃李，无限绿阴青子。帘外百舌儿，惊起五更春睡。居士，居士。莫忘小桥流水。
","回忆,生活"
466023aba3834c6f85e377671cac0882,题龙阳县青草湖,元代 唐珙,"
西风吹老洞庭波，一夜湘君白发多。<br>醉后不知天在水，满船清梦压星河。
","写景,叙梦,纪游"
20394db6f03645268a81cf75c98e470a,端午,唐代 文秀,"
节分端午自谁言，万古传闻为屈原。<br>堪笑楚江空渺渺，不能洗得直臣冤。
","端午节,抒怀"
531970e4cb774a39a67e807ef7f8ee8f,李都尉古剑,唐代 白居易,"
古剑寒黯黯，铸来几千秋。<br>白光纳日月，紫气排斗牛。<br>有客借一观，爱之不敢求。<br>湛然玉匣中，秋水澄不流。<br>至宝有本性，精刚无与俦。<br>可使寸寸折，不能绕指柔。<br>愿快直士心，将断佞臣头。<br>不愿报小怨，夜半刺私仇。<br>劝君慎所用，无作神兵羞。
","咏物,写剑,讽喻"
eadcb98a30a740be981f3bc0592c9d11,河满子・湖州作寄益守冯当世,宋代 苏轼,"
见说岷峨凄怆，旋闻江汉澄清。但觉秋来归梦好，西南自有长城。东府三人最少，西山八国初平。<br>莫负花溪纵赏，何妨药市微行。试问当垆人在否，空教是处闻名。唱著子渊新曲，应须分外含情。
","感慨,历史,抒情"
51d2f8978fb34f3982dcc10b459abd29,秋登万山寄张五 / 九月九日岘山寄张子容,唐代 孟浩然,"
北山白云里，隐者自怡悦。<br>相望试登高，心随雁飞灭。(试 一作 始)<br>愁因薄暮起，兴是清秋发。<br>时见归村人，沙行渡头歇。<br>天边树若荠，江畔洲如月。<br>何当载酒来，共醉重阳节。
","唐诗三百首,秋天,登高,怀人"
0cdb16f933104ad786989fd9d8542166,李延年歌,两汉 李延年,"
北方有佳人，绝世而独立。<br>一顾倾人城，再顾倾人国。<br>宁不知倾城与倾国？佳人难再得。
","古诗三百首,乐府,歌咏,美人"
aca20c55468147309bb7a2e69113fc2f,过垂虹,宋代 姜夔,"
自作新词韵最娇，小红低唱我吹箫。<br>曲终过尽松陵路，回首烟波十四桥。
","古诗三百首,行舟,友情"
1637521011a84198843cedd949bfd3e1,贾人食言,清代 邹|,"
　　济阴之贾人，渡河而亡其舟，栖于浮苴之上，号呼救命。有渔者以舟往救之。未至，贾人曰：""我富者也，能救我，予尔百金！""渔者载而登陆，则予十金。渔者曰：""向许百金而今但予十金？""贾人勃然作色曰：""若渔者也，一日捕鱼能获几何？而骤得十金犹为不足乎？""渔者黯然而退。他日，贾人浮吕梁而下，舟薄于石，又覆，而渔者在焉。或曰：""何以不就？""渔者曰：""是许金而不酬者也！""未久，贾人没。
","初中文言文,诚信,寓言,故事"
ed4949da8d374ee8b170853d0f983b5a,西江月・携手看花深径,宋代 贺铸,"
携手看花深径，扶肩待月斜廊。临分少伫已伥伥，此段不堪回想。<br>欲寄书如天远，难销夜似年长。小窗风雨碎人肠，更在孤舟枕上。
","宋词精选,离别,相思,追忆,爱情,恋情"
4635c1ece6f24be2a67d39d881c67906,菩萨蛮・七夕,宋代 苏轼,"
风回仙驭云开扇，更阑月坠星河转。枕上梦魂惊，晓檐疏雨零。<br>相逢虽草草，长共天难老。终不羡人间，人间日似年。
","节日,七夕"
d3c6e33f1a8f4a4a89aa88af505f50ad,满江红・屈指兴亡,明代 张煌言,"
屈指兴亡，恨南北、黄图消歇。便几个、孤忠大义，冰清玉烈。赵信城边羌笛雨，李陵台上胡笳月。惨模糊、吹出玉关情，声凄切。<br>汉宫露，梁园雪。双龙逝，一鸿灭。剩逋臣怒击，唾壶皆缺。豪杰气吞白凤髓，高怀眦饮黄羊血。试排云、待把捧日心，诉金阙。
","抒怀,述志,亡国"
1bb6aeb0f3df467096b339059df37896,论诗五首,清代 赵翼,"
<br>
<br>
<br>
<br>
<br>
","组诗,志向"
e552cda62edc4c7db5617434e6af94b0,浣溪沙・咏五更和湘真韵,清代 纳兰性德,"
微晕娇花湿欲流，簟纹灯影一生愁。梦回疑在远山楼。<br>残月暗窥金屈戍，软风徐荡玉帘钩。待听邻女唤梳头。
","写景,抒情"
3ec832865cb742a084f30565b64178e2,题报恩寺上方,唐代 方干,"
来来先上上方看，眼界无穷世界宽。<br>岩溜喷空晴似雨，林萝碍日夏多寒。<br>众山迢递皆相叠，一路高低不记盘。<br>清峭关心惜归去，他时梦到亦难判。
","写景,抒怀"
0cf6699b3dd2453883f93a0e4727cbf0,庾楼晓望,唐代 白居易,"
独凭朱槛立凌晨，山色初明水色新。<br>竹雾晓笼衔岭月，频风暖送过江春。<br>子城阴处犹残雪，衙鼓声前未有尘。<br>三百年来庾楼上，曾经多少望乡人。
","登高,写景,思乡"
b1f86de235f548e6a370cc55696f62c1,送二兄入蜀,唐代 卢照邻,"
关山客子路，花柳帝王城。<br>此中一分手，相顾怜无声。
","送别,亲情"
364aef991cfa4701b51560ee101ac998,九日次韵王巩,宋代 苏轼,"
我醉欲眠君罢休，已教从事到青州。<br>鬓霜饶我三千丈，诗律输君一百筹。<br>闻道郎君闭东阁，且容老子上南楼。<br>相逢不用忙归去，明日黄花蝶也愁。
","重阳节,抒情,怀才不遇"
50d30fcb7d6140339b0bda33f658728b,赠郭将军,唐代 李白,"
将军少年出武威，入掌银台护紫微。<br>平明拂剑朝天去，薄暮垂鞭醉酒归。<br>爱子临风吹玉笛，美人向月舞罗衣。<br>畴昔雄豪如梦里，相逢且欲醉春晖。
","写人,将军,抒情,怀才不遇"
13a3343bd7ea49368c9edef3be4b10e6,贺新郎・酬辛幼安再用韵见寄,宋代 陈亮,"
离乱从头说。爱吾民、金缯不爱，蔓藤累葛。壮气尽消人脆好，冠盖阴山观雪。亏杀我、一星星发。涕出女吴成倒转，问鲁为齐弱何年月。丘也幸，由之瑟。 <br>斩新换出旗麾别。把当时、一椿大义，拆开收合。据地一呼吾往矣，万里摇肢动骨。这话霸、又成痴绝。天地洪炉谁扇鞲，算於中、安得长坚铁。淝水破，关东裂。
","抒情,愤懑,志气"
589712fea802480c96745c250eb75a40,如梦令・春思,宋代 苏轼,"
手种堂前桃李，无限绿阴青子。帘外百舌儿，惊起五更春睡。居士，居士。莫忘小桥流水。
","回忆,生活"
b4c1dfde005d4d4fb165ba80d6621148,题龙阳县青草湖,元代 唐珙,"
西风吹老洞庭波，一夜湘君白发多。<br>醉后不知天在水，满船清梦压星河。
","写景,叙梦,纪游"
145300d4f79149f687c43ade86c8143b,端午,唐代 文秀,"
节分端午自谁言，万古传闻为屈原。<br>堪笑楚江空渺渺，不能洗得直臣冤。
","端午节,抒怀"
9f6dd5acaf50483f8ddd94c57cd2cf08,李都尉古剑,唐代 白居易,"
古剑寒黯黯，铸来几千秋。<br>白光纳日月，紫气排斗牛。<br>有客借一观，爱之不敢求。<br>湛然玉匣中，秋水澄不流。<br>至宝有本性，精刚无与俦。<br>可使寸寸折，不能绕指柔。<br>愿快直士心，将断佞臣头。<br>不愿报小怨，夜半刺私仇。<br>劝君慎所用，无作神兵羞。
","咏物,写剑,讽喻"
edbfaf4e56ee46528dc9ccf4e604ca4d,河满子・湖州作寄益守冯当世,宋代 苏轼,"
见说岷峨凄怆，旋闻江汉澄清。但觉秋来归梦好，西南自有长城。东府三人最少，西山八国初平。<br>莫负花溪纵赏，何妨药市微行。试问当垆人在否，空教是处闻名。唱著子渊新曲，应须分外含情。
","感慨,历史,抒情"
cc49c4f432064c65a6c555ac174e93e1,秋登万山寄张五 / 九月九日岘山寄张子容,唐代 孟浩然,"
北山白云里，隐者自怡悦。<br>相望试登高，心随雁飞灭。(试 一作 始)<br>愁因薄暮起，兴是清秋发。<br>时见归村人，沙行渡头歇。<br>天边树若荠，江畔洲如月。<br>何当载酒来，共醉重阳节。
","唐诗三百首,秋天,登高,怀人"
91e17464df8643d7a106d31d137d98ea,李延年歌,两汉 李延年,"
北方有佳人，绝世而独立。<br>一顾倾人城，再顾倾人国。<br>宁不知倾城与倾国？佳人难再得。
","古诗三百首,乐府,歌咏,美人"
bb57158fe6c04dc5935a80d707cb2f01,九日次韵王巩,宋代 苏轼,"
我醉欲眠君罢休，已教从事到青州。<br>鬓霜饶我三千丈，诗律输君一百筹。<br>闻道郎君闭东阁，且容老子上南楼。<br>相逢不用忙归去，明日黄花蝶也愁。
","重阳节,抒情,怀才不遇"
29035de7130447f49cfa9081e1c83512,赠郭将军,唐代 李白,"
将军少年出武威，入掌银台护紫微。<br>平明拂剑朝天去，薄暮垂鞭醉酒归。<br>爱子临风吹玉笛，美人向月舞罗衣。<br>畴昔雄豪如梦里，相逢且欲醉春晖。
","写人,将军,抒情,怀才不遇"
872f4e1ffc5b4bb99742a238c7604929,贺新郎・酬辛幼安再用韵见寄,宋代 陈亮,"
离乱从头说。爱吾民、金缯不爱，蔓藤累葛。壮气尽消人脆好，冠盖阴山观雪。亏杀我、一星星发。涕出女吴成倒转，问鲁为齐弱何年月。丘也幸，由之瑟。 <br>斩新换出旗麾别。把当时、一椿大义，拆开收合。据地一呼吾往矣，万里摇肢动骨。这话霸、又成痴绝。天地洪炉谁扇鞲，算於中、安得长坚铁。淝水破，关东裂。
","抒情,愤懑,志气"
fb23c4e27c5f4ff4b9adccff7960fa65,如梦令・春思,宋代 苏轼,"
手种堂前桃李，无限绿阴青子。帘外百舌儿，惊起五更春睡。居士，居士。莫忘小桥流水。
","回忆,生活"
684a55ee1f764ecba56661abfca7c112,题龙阳县青草湖,元代 唐珙,"
西风吹老洞庭波，一夜湘君白发多。<br>醉后不知天在水，满船清梦压星河。
","写景,叙梦,纪游"
3b0f848152c4495ba81a77e7ea7de781,端午,唐代 文秀,"
节分端午自谁言，万古传闻为屈原。<br>堪笑楚江空渺渺，不能洗得直臣冤。
","端午节,抒怀"
216924ae3f1a4013a82bd19439905d7f,李都尉古剑,唐代 白居易,"
古剑寒黯黯，铸来几千秋。<br>白光纳日月，紫气排斗牛。<br>有客借一观，爱之不敢求。<br>湛然玉匣中，秋水澄不流。<br>至宝有本性，精刚无与俦。<br>可使寸寸折，不能绕指柔。<br>愿快直士心，将断佞臣头。<br>不愿报小怨，夜半刺私仇。<br>劝君慎所用，无作神兵羞。
","咏物,写剑,讽喻"
221b28cc7c224c1c809dbeb9399b56b9,河满子・湖州作寄益守冯当世,宋代 苏轼,"
见说岷峨凄怆，旋闻江汉澄清。但觉秋来归梦好，西南自有长城。东府三人最少，西山八国初平。<br>莫负花溪纵赏，何妨药市微行。试问当垆人在否，空教是处闻名。唱著子渊新曲，应须分外含情。
","感慨,历史,抒情"
f89a96f51a62414c9116be46164f84fd,秋登万山寄张五 / 九月九日岘山寄张子容,唐代 孟浩然,"
北山白云里，隐者自怡悦。<br>相望试登高，心随雁飞灭。(试 一作 始)<br>愁因薄暮起，兴是清秋发。<br>时见归村人，沙行渡头歇。<br>天边树若荠，江畔洲如月。<br>何当载酒来，共醉重阳节。
","唐诗三百首,秋天,登高,怀人"
362cb7ada4a941419a9a4efdd84e9ba8,李延年歌,两汉 李延年,"
北方有佳人，绝世而独立。<br>一顾倾人城，再顾倾人国。<br>宁不知倾城与倾国？佳人难再得。
","古诗三百首,乐府,歌咏,美人"
05d00da164014fc0adfc88409722c11b,过垂虹,宋代 姜夔,"
自作新词韵最娇，小红低唱我吹箫。<br>曲终过尽松陵路，回首烟波十四桥。
","古诗三百首,行舟,友情"
26ef8d205a3b48778c6d75f4e811d55c,贾人食言,清代 邹|,"
　　济阴之贾人，渡河而亡其舟，栖于浮苴之上，号呼救命。有渔者以舟往救之。未至，贾人曰：""我富者也，能救我，予尔百金！""渔者载而登陆，则予十金。渔者曰：""向许百金而今但予十金？""贾人勃然作色曰：""若渔者也，一日捕鱼能获几何？而骤得十金犹为不足乎？""渔者黯然而退。他日，贾人浮吕梁而下，舟薄于石，又覆，而渔者在焉。或曰：""何以不就？""渔者曰：""是许金而不酬者也！""未久，贾人没。
","初中文言文,诚信,寓言,故事"
9b3e109d717644df8a7fb05fdb003f9c,西江月・携手看花深径,宋代 贺铸,"
携手看花深径，扶肩待月斜廊。临分少伫已伥伥，此段不堪回想。<br>欲寄书如天远，难销夜似年长。小窗风雨碎人肠，更在孤舟枕上。
","宋词精选,离别,相思,追忆,爱情,恋情"
e9dd9138ec3a430aa8eda3ee073afbdd,菩萨蛮・七夕,宋代 苏轼,"
风回仙驭云开扇，更阑月坠星河转。枕上梦魂惊，晓檐疏雨零。<br>相逢虽草草，长共天难老。终不羡人间，人间日似年。
","节日,七夕"
b1ff1544c8c241008d2c195129de0906,满江红・屈指兴亡,明代 张煌言,"
屈指兴亡，恨南北、黄图消歇。便几个、孤忠大义，冰清玉烈。赵信城边羌笛雨，李陵台上胡笳月。惨模糊、吹出玉关情，声凄切。<br>汉宫露，梁园雪。双龙逝，一鸿灭。剩逋臣怒击，唾壶皆缺。豪杰气吞白凤髓，高怀眦饮黄羊血。试排云、待把捧日心，诉金阙。
","抒怀,述志,亡国"
4101676bbe30438fbb24df2d2fc920a5,论诗五首,清代 赵翼,"
<br>
<br>
<br>
<br>
<br>
","组诗,志向"
e4f375f1713e48b9af62a2d4637b0873,浣溪沙・咏五更和湘真韵,清代 纳兰性德,"
微晕娇花湿欲流，簟纹灯影一生愁。梦回疑在远山楼。<br>残月暗窥金屈戍，软风徐荡玉帘钩。待听邻女唤梳头。
","写景,抒情"
9adab74ed6264d9ba930046cb18ef7ec,题报恩寺上方,唐代 方干,"
来来先上上方看，眼界无穷世界宽。<br>岩溜喷空晴似雨，林萝碍日夏多寒。<br>众山迢递皆相叠，一路高低不记盘。<br>清峭关心惜归去，他时梦到亦难判。
","写景,抒怀"
332fa42c8e2b421ab6aef6e64825b0a9,庾楼晓望,唐代 白居易,"
独凭朱槛立凌晨，山色初明水色新。<br>竹雾晓笼衔岭月，频风暖送过江春。<br>子城阴处犹残雪，衙鼓声前未有尘。<br>三百年来庾楼上，曾经多少望乡人。
","登高,写景,思乡"
47736bf522784006a9bc2761c98487f8,送二兄入蜀,唐代 卢照邻,"
关山客子路，花柳帝王城。<br>此中一分手，相顾怜无声。
","送别,亲情"
e6db1d989e8141c293f0fc9d188c28e8,穷边词二首,唐代 姚合,"
<br>
<br>
","边塞,写景,赞扬"
779d5fafc2ed4693a3bcbf1ab100ffa7,陌上花三首,宋代 苏轼,"
<br>
<br>
<br>
<br>
","怀古,咏史"
7562da83d8fa4462b4ba9ab33bae5aa4,霜花腴・重阳前一日泛石湖,宋代 吴文英,"
翠微路窄，醉晚风、凭谁为整欹冠。霜饱花腴，烛消人瘦，秋光作也都难。病怀强宽。恨雁声、偏落歌前。记年时、旧宿凄凉，暮烟秋雨野桥寒。 <br>妆靥鬓英争艳，度清商一曲，暗坠金蝉。芳节多阴，兰情稀会，晴晖称拂吟笺。更移画船。引佩环、邀下婵娟。算明朝、未了重阳，紫萸应耐看。
","重阳节,登高,回忆"
42d32c54d09540169e11ac65da264fba,题所居村舍,唐代 杜荀鹤,"
家随兵尽屋空存，税额宁容减一分。<br>衣食旋营犹可过，赋输长急不堪闻。<br>蚕无夏织桑充寨，田废春耕犊劳军。<br>如此数州谁会得，杀民将尽更邀勋。
","忧国忧民,揭露,社会"
ad532db547fa4f9793fafb25e0cde221,江神子慢・玉台挂秋月,宋代 田为,"
玉台挂秋月，铅素浅、梅花傅香雪。冰姿拮，金莲衬、小小凌波罗袜。雨初歇，楼外孤鸿声渐远，远山外、行人音信绝。此恨对语犹难，那堪更寄书说。<br>教人红消翠减，觉衣宽金缕，都为轻别。太情切，消魂处、画角黄昏时节，声呜咽。落尽春花春去也，银蟾迥，无情圆又缺。恨伊不似馀香，惹鸳鸯结。
","怨情,相思"
ad84d73f4c62451096c986248e1c2581,庆东原・暖日宜乘轿,元代 白朴,"
暖日宜乘轿，春风堪信马。恰寒食有二百处秋千架。对人娇杏花，扑人飞柳花，迎人笑桃花。来往画船边，招s青旗挂。
","节日,清明节,春天,郊游,赞美"
62971d22d8e24d2b9fa1b258be84a62a,齐天乐・送童瓮天兵后归杭,宋代 詹玉,"
相逢唤醒京华梦，吴尘暗斑吟发。倚担评花，认旗沽酒，历历行歌奇迹。吹香弄碧，有坡柳风情，逋梅月色。画鼓红船，满湖春水断桥客。<br>当时何限俊侣，甚花天月地，人被云隔。却载苍烟，更招白鹭，一醉修江又别。今回记得。再折柳穿鱼，赏梅催雪。如此湖山，忍教人更说。
","送别,写景,西湖,抒情"
470b5a905a264afe8510e8fe264bf7cd,女冠子・四月十七,唐代 韦庄,"
四月十七，正是去年今日，别君时。忍泪佯低面，含羞半敛眉。<br>不知魂已断，空有梦相随。除却天边月，没人知。
","爱情,离别,相思"
d13c66493b944bf789506550b23c274e,喜春来・春盘宜剪三生菜,元代 元好问,"
春盘宜剪三生菜，春燕斜簪七宝钗。春风春酝透人怀。春宴排，齐唱喜春来。
","春天,喜悦"
9d91f68963704383a08359fb0cc86aaf,临江仙・柳絮,清代 曹雪芹,"
白玉堂前春解舞，东风卷得均匀。蜂围蝶阵乱纷纷。几曾随逝水？岂必委芳尘？<br>万缕千丝终不改，任他随聚随分。韶华休笑本无根。好风凭借力，送我上青云。
","咏物,言志"
18db308608e24cbab53c7c08606fac0b,贺新郎・九日,宋代 刘克庄,"
湛湛长空黑。更那堪、斜风细雨，乱愁如织。老眼平生空四海，赖有高楼百尺。看浩荡、千崖秋色。白发书生神州泪，尽凄凉、不向牛山滴。追往事，去无迹。 <br>少年自负凌云笔。到而今、春华落尽，满怀萧瑟。常恨世人新意少，爱说南朝狂客。把破帽、年年拈出。若对黄花孤负酒，怕黄花、也笑人岑寂。鸿北去，日西匿。
","宋词三百首,宋词精选,重阳节,登高,望远,伤怀,情怀"
479ebfcaf5bc4abfa02c62aac1cf9fcf,青玉案・丝丝香篆浓于雾,清代 高鹗,"
丝丝香篆浓于雾，织就绿阴红雨。乳燕飞来傍莲幕，杨花欲雪，梨云如梦，又是清明暮。<br>屏山遮断相思路，子规啼到无声处。鳞瞑羽迷谁与诉。好段东风，好轮明月，尽教封侯误。
","婉约,春闺,怀人"
44913eb9633e4426ab3a1ed6e296d344,四时,魏晋 陶渊明,"
春水满四泽，夏云多奇峰。<br>秋月扬明晖，冬岭秀寒松。
","四季,写景,述志"
463b9fc6a808472f8dac367c1a02f628,金缕曲・次女绣孙,清代 俞樾,"
<br>
<br>
","婉约,惜春,抒怀"
31bf5c775b8a44569b365c58ea81ce3d,九日寄岑参,唐代 杜甫,"
出门复入门，两脚但如旧。<br>所向泥活活，思君令人瘦。 <br>沉吟坐西轩，饮食错昏昼。<br>寸步曲江头，难为一相就。 <br>吁嗟呼苍生，稼穑不可救。<br>安得诛云师，畴能补天漏。 <br>大明韬日月，旷野号禽兽。<br>君子强逶迤，小人困驰骤。 <br>维南有崇山，恐与川浸溜。<br>是节东篱菊，纷披为谁秀。 <br>岑生多新诗，性亦嗜醇酎。<br>采采黄金花，何由满衣袖。
","重阳节,怀人"
590534e6d82d440dbfae9340c4ef0671,减字木兰花・淮山隐隐,宋代 淮上女,"
淮山隐隐，千里云峰千里恨。淮水悠悠，万顷烟波万顷愁。<br>山长水远，遮断行人东望眼。恨旧愁新，有泪无言对晚春。
","宋词精选,女子,悲愤,思乡"
2c0642f63a2847eea7440cefce541ab9,感皇恩・读庄子闻朱晦庵即世,宋代 辛弃疾,"
案上数编书，非庄即老。会说忘言始知道；万言千句，不自能忘堪笑。今朝梅雨霁，青天好。<br>一壑一丘，轻衫短帽。白发多时故人少。子云何在，应有玄经遗草。江河流日夜，何时了。
","读书,怀人,思念"
9a0aa54faceb45ebbb1499c16beb8e90,风入松・归鞍尚欲小徘徊,宋代 刘克庄,"
归鞍尚欲小徘徊。逆境难排。人言酒是消忧物，奈病余孤负金。萧瑟捣衣时候，凄凉鼓缶情怀。<br>远林摇落晚风哀，野店犹开。多情惟是灯前影，伴此翁同去同来。逆旅主人相问，今回老似前回。
","悼念,妻子,怀人,悲伤"
54167df6ae5c4265a26e9e0c4003680c,菩萨蛮・青岩碧洞经朝雨,五代 孙光宪,"
青岩碧洞经朝雨，隔花相唤南溪去。一只木兰船，波平远浸天。<br>扣舷惊翡翠，嫩玉抬香臂。红日欲沉西，烟中遥解。
","写人,爱情"
d2375db5dc024860a8e52fa0a3d1b13d,荆门道怀古,唐代 刘禹锡,"
南国山川旧帝畿，宋台梁馆尚依稀。<br>马嘶古道行人歇，麦秀空城野雉飞。<br>风吹落叶填宫井，火入荒陵化宝衣。<br>徒使词臣庾开府，咸阳终日苦思归。
","怀古,忧虑"
795c553f484d4bf3a0a12fed15fc9651,蝶恋花・蝶懒莺慵春过半,宋代 苏轼,"
蝶懒莺慵春过半。花落狂风，小院残红满。午醉未醒红日晚，黄昏帘幕无人卷。<br>云鬓松眉黛浅。总是愁媒，欲诉谁消遣。未信此情难系绊，杨花犹有东风管。
","少女,伤春,孤独"
affef409de01457eae87959dadcf4736,甘草子・秋暮,宋代 柳永,"
秋暮。乱洒衰荷，颗颗真珠雨。雨过月华生，冷彻鸳鸯浦。 <br>池上凭阑愁无侣。奈此个、单栖情绪。却傍金笼共鹦鹉。念粉郎言语。
","秋天,闺怨,孤独"
0a205648fc394c0eac2ce412211c374e,鸿雁,先秦 佚名,"
<br>
","诗经,写鸟,抒情"
72df9e2253c94030903ce5dc7de1f4eb,一字诗,清代 陈沆,"
一帆一桨一渔舟，一个渔翁一钓钩。<br>一俯一仰一场笑，一江明月一江秋。
","写景,抒情"
9f178feb727b448eb98d1d7d4a33c42e,卜算子・樽前一曲歌,宋代 杜安世,"
樽前一曲歌，歌里千重意。才欲歌时泪已流，恨应更、多于泪。<br>试问缘何事？不语如痴醉。我亦情多不忍闻，怕和我、成憔悴。
","婉约,音乐,伤怀"
0d3c4dff2b9440c081f3161be9f9b4bd,子夜四时歌・绣带合欢结,南北朝 萧衍,"
绣带合欢结，锦衣连理文。<br>怀情入夜月，含笑出朝云。
","写人,爱情"
795ffd76ced54dcc845bb2e17ede2476,八归・湘中送胡德华,宋代 姜夔,"
芳莲坠粉，疏桐吹绿，庭院暗雨乍歇。无端抱影销魂处，还见S墙萤暗，藓阶蛩切。送客重寻西去路，问水面琵琶谁拨？最可惜、一片江山，总付与啼_。<br>长恨相从未款，而今何事，又对西风离别？渚寒烟淡，棹移人远，飘渺行舟如叶。想文君望久，倚竹愁生步罗袜。归来后，翠尊双饮，下了珠帘，玲珑闲看月。
","离别,惜别,团聚,情怀"
e2c7dee444974ea5a4d7699f7f8ea550,寒夜作,元代 揭菟,"
<br>
","夜晚,羁旅,抒情,孤寂,乡情"
e5de42f994c8406f84ad362b9b848b3d,虞美人・赋虞美人草,宋代 辛弃疾,"
当年得意如芳草。日日春风好。拔山力尽忽悲歌。饮罢虞兮从此、奈君何。<br>人间不识精诚苦。贪看青青舞。蓦然敛袂却亭亭。怕是曲中犹带、楚歌声。
","咏物,抒情,怀才不遇"
209f18dfde3a4f3aaab3e207d3a77a83,折桂令・过多景楼,元代 周文质,"
滔滔春水东流。天阔云闲，树渺禽幽。山远横眉，波平消雪，月缺沉钩。桃蕊红妆渡口，梨花白点江头。何处离愁？人别层楼，我宿孤舟。
","春天,写景,思念"
eddc6393b88049d48f6022ae0e510128,十二月十九日夜中发鄂渚晓泊汉阳亲旧携酒追送聊为短句,宋代 黄庭坚,"
接淅报官府，敢违王事程。<br>宵征江夏县，睡起汉阳城。<br>邻里烦追送，杯盘泻浊清。<br>应瘴乡老，难答故人情。
","贬谪,送别,友情"
fec7f6bcb3b4404a9d8cc9bb54e76ff8,积雨辋川庄作 / 秋归辋川庄作,唐代 王维,"
积雨空林烟火迟，蒸藜炊黍饷东。<br>漠漠水田飞白鹭，阴阴夏木啭黄鹂。<br>山中习静观朝槿，松下清斋折露葵。<br>野老与人争席罢，海鸥何事更相疑。
","高中古诗,唐诗三百首,田园,隐居"
3d498ff0440d4e4e958c2bd6cdc51edf,思归,唐代 韦庄,"
暖丝无力自悠扬，牵引东风断客肠。<br>外地见花终寂寞，异乡闻乐更凄凉。<br>红垂野岸樱还熟，绿染回汀草又芳。<br>旧里若为归去好，子期凋谢吕安亡。
","春天,思乡"
919a6c8375f54200bb0da5093a1b29d6,天上谣,唐代 李贺,"
天河夜转漂回星，银浦流云学水声。<br>玉宫桂树花未落，仙妾采香垂缨。<br>秦妃卷帘北窗晓，窗前植桐青凤小。<br>王子吹笙鹅管长，呼龙耕烟种瑶草。<br>粉霞红绶藕丝裙，青洲步拾兰苕春。<br>东指羲和能走马，海尘新生石山下。
","神话,想象"
4eaad0009f1f4f1b8f1c55d9bf32d8b0,虞美人・曲阑干外天如水,宋代 晏几道,"
曲阑干外天如水。昨夜还曾倚。初将明月比佳期。长向月圆时候、望人归。 <br>罗衣著破前香在。旧意谁教改。一春离恨懒调弦。犹有两行闲泪、宝筝前。
","女子,月夜,怀人"
d6527758dcf34962829946dcd346ad7a,蝶恋花・初捻霜纨生怅望,宋代 晏几道,"
初捻霜纨生怅望。隔叶莺声，似学秦娥唱。午睡醒来慵一饷。双纹翠簟铺寒浪。<br>雨罢苹风吹碧涨。脉脉荷花，泪脸红相向。斜贴绿云新月上。弯环正是愁眉样。
","女子,怀人"
1a268762defd43f5958e24074c7e682c,折杨柳歌辞五首,南北朝 佚名,"
<br>
<br>
<br>
<br>
<br>
","古诗三百首,乐府,离别,组诗"
153c4a311e984b1689b19fe6bc3d7d18,卜算子・我住长江头,宋代 李之仪,"
我住长江头，君住长江尾。日日思君不见君，共饮长江水。 <br>此水几时休，此恨何时已。只愿君心似我心，定不负相思意。
","宋词三百首,宋词精选,长江,思念,爱情"
353ecf9f04d6465a88632c57b051a317,鹧鸪天・离豫章别司马汉章大监,宋代 辛弃疾,"
聚散匆匆不偶然。二年遍历楚山川。但将痛饮酬风月，莫放离歌入管弦。<br>萦绿带，点青钱，东湖春水碧连天。明朝放我东归去，後夜相思月满船。
","抒情,愤懑,愁苦"
c3dc8bed47b54647b9c23656ccc4a14d,宰予昼寝,唐代 佚名,"
　　宰予昼寝，子曰：“朽木不可雕也，粪土之墙不可圬也！于予与何诛？”子曰：“始吾于人也，听其言而信其行；今吾于人也，听其言而观其行。于予与改是。”――《论语・公冶长第五》
","哲理,故事"
4c8c7a45b16842f4ae97425c79ca774a,己酉端午,元代 贝琼,"
风雨端阳生晦冥，汨罗无处吊英灵。<br>海榴花发应相笑，无酒渊明亦独醒。
","端午节,抒怀,豁达"
c0668e6ed0b643158885c3fd87b056c2,夕次盱眙县,唐代 韦应物,"
落帆逗淮镇，停舫临孤驿。浩浩风起波，冥冥日沉夕。 <br>人归山郭暗，雁下芦洲白。独夜忆秦关，听钟未眠客。
","唐诗三百首,写景,抒情,思乡,乡情"
541c48c212374a34b214f2c6fa6b5cd3,横溪堂春晓,宋代 虞似良,"
一把青秧趁手青，轻烟漠漠雨冥冥。<br>东风染尽三千顷，白鹭飞来无处停。
","田园,即景"
337b06c9b3114b5180a09b8ae903946b,长相思・云一涡,五代 李煜,"
云一，玉一梭，淡淡衫儿薄薄罗。轻颦双黛螺。<br>秋风多，雨相和，帘外芭蕉三两窠。夜长人奈何！
","秋天,夜晚,写雨,女子,相思,恋情"
07c0255ebcc7446bb411df6b56324ba2,青阳,两汉 佚名,"
青阳开动，根D以遂，膏润并爱，行毕逮。<br>霆声发荣，檀η晏，枯槁复产，乃成厥命。<br>众庶熙熙，施及夭胎，群生彩桑惟春之祺。
","乐府,春天,写景,祭祀"
266d0c25772f433f80b784060f140faf,发宜兴,宋代 曾几,"
老境垂垂六十年，又将家上铁头船。<br>客留阳羡只三月，归去玉溪无一钱。<br>观水观山都废食，听风听雨不妨眠。<br>从今布袜青P梦，不到张公即善权。
","羁旅,感慨,伤怀"
2206e7f7149b4559b132dbb2388c2cf2,子夜四时歌・春林花多媚,南北朝 佚名,"
春林花多媚，春鸟意多哀。<br>春风复多情，吹我罗裳开。
","春天,写景,抒情"
ed9145ff6c1c43f78b40a7a4400f0f13,红牡丹,唐代 王维,"
绿艳闲且静，红衣浅复深。<br>花心愁欲断，春色岂知心。
","咏物,牡丹,抒情"
b34e147d07244bf88277eec59af76802,鸳鸯梦・午醉厌厌醒自晚,宋代 贺铸,"
午醉厌厌醒自晚，鸳鸯春梦初惊。闲花深院听啼莺。斜阳如有意，偏傍小窗明。<br>莫倚雕阑怀往事，吴山楚水纵横。多情人奈物无情。闲愁朝复暮，相应两潮生。
","抒情,苦闷,愁绪"
638d867f080f409ca35bf967e836b7b4,金缕曲二首・其一,清代 顾贞观,"
<br>
<br>
","书信,友情"
996ad418e8f1442b99642e15bce88598,木兰花・池塘水绿风微暖,宋代 晏殊,"
池塘水绿风微暖，记得玉真初见面。重头歌韵响b琮，入破舞腰红乱旋。<br>玉钩阑下香阶畔，醉后不知斜日晚。当时共我赏花人，点检如今无一半。
","怀旧,写景,感伤,人生,春天"
baea895aaf6443bbbc20e7791c71a24b,鹧鸪天・杨柳东塘细水流,清代 蒋春霖,"
杨柳东塘细水流，红窗睡起唤晴鸠。屏间山压眉心翠，镜里波生鬓角秋。<br>临玉管，试琼瓯，醒时题恨醉时休。明朝花落归鸿尽，细雨春寒闭小楼。
","婉约,写景,惜春"
f72dc5d80a584bf0891328ae08348711,东风齐着力・电急流光,清代 纳兰性德,"
<br>
","悼亡,追忆,伤感,苦痛"
a7c36cfa0c77451b846e5360e5d76ab7,游仙诗・京华游侠窟,魏晋 郭璞,"
<br>
","思想,向往,隐居"
4e509c0d96b04b508280521aa34db37e,胡歌,唐代 岑参,"
<br>
","边塞,战士"
9d10122a691e4d67a3be1790a081435a,西河・天下事,宋代 王,"
天下事，问天怎忍如此！陵图谁把献君王，结愁未已。少豪气概总成尘，空馀白骨黄苇。<br>千古恨，吾老矣。东游曾吊淮水。绣春台上一回登，一回h泪。醉归抚剑倚西风，江涛犹壮人意。<br>只今袖手野色里，望长淮、犹二千里。纵有英心谁寄！近新来又报胡尘起。绝域张骞归来未？
","爱国,忧国忧民"
80082b10422c47b7bcaac15b7a654bc0,五日观妓,唐代 万楚,"
西施谩道浣春纱，碧玉今时斗丽华。<br>眉黛夺将萱草色，红裙妒杀石榴花。<br>新歌一曲令人艳，醉舞双眸敛鬓斜。 <br>谁道五丝能续命，却令今日死君家。
","节日,宴会,喜悦"
7aaaa945d28b406980b08bb096ef6e59,水龙吟・梨花,宋代 周邦彦,"
素肌应怯余寒，艳阳占立青芜地。樊川照日，灵关遮路，残红敛避。传火楼台，妒花风雨，长门深闭。亚帘栊半湿，一枝在手，偏勾引、黄昏泪。 <br>别有风前月底。布繁英、满园歌吹。朱铅退尽，潘妃却酒，昭君乍起。雪浪翻空，粉裳缟夜，不成春意。恨玉容不见，琼英谩好，与何人比。
","咏物,梨花,赞美"
1a5b56124096482c8c05fb1e0cbf4acc,过三闾庙,唐代 戴叔伦,"
沅湘流不尽，屈子怨何深。<br>日暮秋风起，萧萧枫树林。
","咏史怀古,题诗"
caba6cb2341a4348a50364e36d27660c,猗嗟,先秦 佚名,"
<br>
","诗经,赞美"
2b2f508fbb834133a579d2d6d89754d1,满江红・东武会流杯亭,宋代 苏轼,"
<br>
<br>
","惜春,感慨,时间,哲理"
8daec94ee529413f8f21ed158e1c743b,绮罗香・咏春雨,宋代 史达祖,"
做冷欺花，将烟困柳，千里偷催春暮。尽日冥迷，愁里欲飞还住。惊粉重、蝶宿西园，喜泥润、燕归南浦。最妨它、佳约风流，钿车不到杜陵路。 <br>沉沉江上望极，还被春潮晚急，难寻官渡。隐约遥峰，和泪谢娘眉妩。临断岸、新绿生时，是落红、带愁流处。记当日、门掩梨花，剪灯深夜语。
","宋词三百首,婉约,咏物,写雨,怀人"
8b658eac4edd45beadc6814e0835d6b0,江楼曲,唐代 李贺,"
楼前流水江陵道，鲤鱼风起芙蓉老。<br>晓钗催鬓语南风，抽帆归来一日功。<br>鼍吟浦口飞梅雨，竿头酒旗换青苎。<br>萧骚浪白云差池，黄粉油衫寄郎主。<br>新槽酒声苦无力，南湖一顷菱花白。<br>眼前便有千里愁，小玉开屏见山色。
","女子,怀人,相思,伤怀"
dffb06e6ffbf44acbe9965a8ceb80fea,独漉篇,唐代 李白,"
独漉水中泥，水浊不见月。<br>不见月尚可，水深行人没。<br>越鸟从南来，胡鹰亦北渡。<br>我欲弯弓向天射，惜其中道失归路。<br>落叶别树，飘零随风。<br>客无所托，悲与此同。<br>罗帏舒卷，似有人开。<br>明月直入，无心可猜。<br>雄剑挂壁，时时龙鸣。<br>不断犀象，绣涩苔生。<br>国耻未雪，何由成名。<br>神鹰梦泽，不顾鸱鸢。<br>为君一击，鹏抟九天。
",爱国
c214af50e5064de681451bf6cdd4b2bc,匪风,先秦 佚名,"
<br>
","诗经,写风,思乡"
c9db83865b724863befb94cb63030166,望海楼,宋代 米芾,"
云间铁瓮近青天，缥缈飞楼百尺连。<br>三峡江声流笔底，六朝帆影落樽前。<br>几番画角催红日，无事沧州起白烟。<br>忽忆赏心何处是？春风秋月两茫然。
","咏物,写景"
ffc1428fd6844f699f12160558a5c0eb,酹江月・驿中言别,宋代 邓剡,"
水天空阔，恨东风不惜世间英物。蜀鸟吴花残照里，忍见荒城颓壁。铜雀春情，金人秋泪，此恨凭谁雪？堂堂剑气，斗牛空认奇杰。<br>那信江海余生，南行万里，属扁舟齐发。正为鸥盟留醉眼，细看涛生云灭。睨柱吞嬴，回旗走懿，千古冲冠发。伴人无寐，秦淮应是孤月。
","爱国,励志"
ab5665448e5d4cf3a69e1fe7c735b425,饮酒・其五,魏晋 陶渊明,"
结庐在人境，而无车马喧。<br>问君何能尔？心远地自偏。<br>采菊东篱下，悠然见南山。<br>山气日夕佳，飞鸟相与还。<br>此中有真意，欲辨已忘言。
","古诗三百首,初中古诗,闲适,生活,哲理,最美"
c0a93f9989e54cf4b7574b237225e086,水龙吟・小楼连苑横空,宋代 秦观,"
小楼连苑横空，下窥绣毂雕鞍骤。朱帘半卷，单衣初试，清明时候。破暖轻风，弄晴微雨，欲无还有。卖花声过尽，斜阳院落；红成阵，飞鸳L。<br>玉佩丁东别后。怅佳期、参差难又。名\利锁，天还知道，和天也瘦。花下重门，柳边深巷，不堪回首。念多情、但有当时皓月，向人依旧。
","妇女,相思,恋情"
277a8215e45044fbad5b2751b73873a3,生查子・秋来愁更深,宋代 杨无咎,"
秋来愁更深，黛拂双蛾浅。翠袖怯春寒，修竹萧萧晚。 <br>此意有谁知，恨与孤鸿远。小立背西风，又是重门掩。
","婉约,闺怨,秋天,妇女,思念"
ceeb7580229a4c02840eb9a402b07986,南乡子・相见处,五代 李,"
相见处，晚晴天，刺桐花下越台前。<br>暗里回眸深属意，遗双翠，骑象背人先过水。
","写人,少女,爱情,恋情"
a0ed8fd44fa14d9cac2b61945aecc847,摄山秋夕作,清代 屈大均,"
<br>
","写景,抒情"
630232bdda3e44d6b461d5590d2cc5c5,采桑子・平生为爱西湖好,宋代 欧阳修,"
平生为爱西湖好，来拥朱轮。富贵浮云，俯仰流年二十春。<br>归来恰似辽东鹤，城郭人民，触目皆新，谁识当年旧主人？
","追忆,感慨,怅惘"
05cdc4e937a6433b99b465bcda954aa3,鹤冲天・闲窗漏永,宋代 柳永,"
闲窗漏永，月冷霜花堕。悄悄下帘幕，残灯火。再三追往事，离魂乱、愁肠锁。无语沉吟坐。好天好景，未省展眉则个。<br>从前早是多成破。何况经岁月，相抛尽＜偈怪叵嗉，还得似、旧时么。悔恨无计那。迢迢良夜。自家只恁摧挫。
","女子,相思,愁绪,伤怀"
8d3a4e89bf784e51964fb12759f16633,满庭芳・茶,宋代 黄庭坚,"
北苑春风，方圭圆璧，万里名动京关。碎身粉骨，功合上凌烟。尊俎风流战胜，降春睡、开拓愁边。纤纤捧，研膏浅乳，金缕鹧鸪斑。 <br>相如，虽病渴，一觞一咏，宾有群贤。为扶起灯前，醉玉颓山。搜搅胸中万卷，还倾动、三峡词源。归来晚，文君未寐，相对小窗前。
","咏物,写茶,典故"
f75713e284a142f289abbbd216829320,沁园春・恨,清代 郑燮,"
花亦无知，月亦无聊，酒亦无灵。把夭桃斫断，煞他风景；鹦哥煮熟，佐我杯羹。焚砚烧书，椎琴裂画，毁尽文章抹尽名。荥阳郑，有慕歌家世，乞食风情。<br>单寒骨相难更，笑席帽青衫太瘦生。看蓬门秋草，年年破巷，疏窗细雨，夜夜孤灯。难道天公，还箝恨口，不许长吁一两声？癫狂甚，取乌丝百幅，细写凄清。
","豪放,抒怀,愤恨,忧愤"
013539c5e5f345b4a48a1d795e521bcd,剑客 / 述剑,唐代 贾岛,"
十年磨一剑，霜刃未曾试。<br>今日把示君，谁有不平事？(示 一作：似)
","豪情,抱负"
6dbf0cbbc4734432883cb2ae2f1e3636,摸鱼儿・记年时人人何处,宋代 何梦桂,"
记年时、人人何处，长亭曾共杯酒。酒阑归去行人远，折不尽长亭柳。渐白首。待把酒送君，恰又清明后。青条似旧，问江北江南，离愁如我，还更有人否。<br>留不住，强把蔬盘瀹韭。行舟又报潮候。风急岸花飞尽也，一曲啼红满袖。春波皱。青草外、人间此恨年年有。留连握手。数人世相逢，百年欢笑，能得几回又。
","婉约,追忆,送别,怀人"
afa8c5985a59423ba33c71dd5ed890fd,挽舟者歌,隋代 佚名,"
<br>
","人民,生活"
5ca3077586f74413909d7a983427c90c,清溪行 / 宣州清溪,唐代 李白,"
清溪清我心，水色异诸水。<br>借问新安江，见底何如此。<br>人行明镜中，鸟度屏风里。<br>向晚猩猩啼，空悲远游子。
","写水,落寞"
